Type,Name,Request Count,Failure Count,Median Response Time,Average Response Time,Min Response Time,Max Response Time,Average Content Size,Requests/s,Failures/s,50%,66%,75%,80%,90%,95%,98%,99%,99.9%,99.99%,100%
POST,/auth,578,0,160.0,175.897122664191,157.0748999947682,1653.5227000131272,27.0,19.272434346359418,0.0,160,160,170,170,180,190,230,670,1700,1700,1700
POST,/booking,574,0,160.0,174.91487926830504,157.01769999577664,697.8939999826252,200.0,19.139061098287726,0.0,160,170,170,170,180,190,230,650,700,700,700
DELETE,/booking/3223,1,0,164.87360000610352,164.87360000610352,164.87360000610352,164.87360000610352,7.0,0.03334331201792287,0.0,160,160,160,160,160,160,160,160,160,160,160
DELETE,/booking/3224,1,0,166.83600001852028,166.83600001852028,166.83600001852028,166.83600001852028,7.0,0.03334331201792287,0.0,170,170,170,170,170,170,170,170,170,170,170
DELETE,/booking/3225,1,0,169.3100999982562,169.3100999982562,169.3100999982562,169.3100999982562,7.0,0.03334331201792287,0.0,170,170,170,170,170,170,170,170,170,170,170
DELETE,/booking/3226,1,0,167.271799989976,167.271799989976,167.271799989976,167.271799989976,7.0,0.03334331201792287,0.0,170,170,170,170,170,170,170,170,170,170,170
DELETE,/booking/3227,1,0,168.1669000245165,168.1669000245165,168.1669000245165,168.1669000245165,7.0,0.03334331201792287,0.0,170,170,170,170,170,170,170,170,170,170,170
DELETE,/booking/3228,1,0,174.00319999433123,174.00319999433123,174.00319999433123,174.00319999433123,7.0,0.03334331201792287,0.0,170,170,170,170,170,170,170,170,170,170,170
DELETE,/booking/3229,1,0,165.0812000152655,165.0812000152655,165.0812000152655,165.0812000152655,7.0,0.03334331201792287,0.0,170,170,170,170,170,170,170,170,170,170,170
DELETE,/booking/3230,1,0,165.19010000047274,165.19010000047274,165.19010000047274,165.19010000047274,7.0,0.03334331201792287,0.0,170,170,170,170,170,170,170,170,170,170,170
DELETE,/booking/3231,1,0,166.12949999398552,166.12949999398552,166.12949999398552,166.12949999398552,7.0,0.03334331201792287,0.0,170,170,170,170,170,170,170,170,170,170,170
DELETE,/booking/3238,1,0,162.20209997845814,162.20209997845814,162.20209997845814,162.20209997845814,7.0,0.03334331201792287,0.0,160,160,160,160,160,160,160,160,160,160,160
DELETE,/booking/3239,1,0,170.0270000146702,170.0270000146702,170.0270000146702,170.0270000146702,7.0,0.03334331201792287,0.0,170,170,170,170,170,170,170,170,170,170,170
DELETE,/booking/3240,1,0,164.92229999857955,164.92229999857955,164.92229999857955,164.92229999857955,7.0,0.03334331201792287,0.0,160,160,160,160,160,160,160,160,160,160,160
DELETE,/booking/3241,1,0,180.33809997723438,180.33809997723438,180.33809997723438,180.33809997723438,7.0,0.03334331201792287,0.0,180,180,180,180,180,180,180,180,180,180,180
DELETE,/booking/3242,1,0,173.4338999958709,173.4338999958709,173.4338999958709,173.4338999958709,7.0,0.03334331201792287,0.0,170,170,170,170,170,170,170,170,170,170,170
DELETE,/booking/3243,1,0,168.51419999147765,168.51419999147765,168.51419999147765,168.51419999147765,7.0,0.03334331201792287,0.0,170,170,170,170,170,170,170,170,170,170,170
DELETE,/booking/3244,1,0,183.03549999836832,183.03549999836832,183.03549999836832,183.03549999836832,7.0,0.03334331201792287,0.0,180,180,180,180,180,180,180,180,180,180,180
DELETE,/booking/3245,1,0,176.03249999228865,176.03249999228865,176.03249999228865,176.03249999228865,7.0,0.03334331201792287,0.0,180,180,180,180,180,180,180,180,180,180,180
DELETE,/booking/3246,1,0,173.03930001799017,173.03930001799017,173.03930001799017,173.03930001799017,7.0,0.03334331201792287,0.0,170,170,170,170,170,170,170,170,170,170,170
DELETE,/booking/3250,1,0,167.86630000569858,167.86630000569858,167.86630000569858,167.86630000569858,7.0,0.03334331201792287,0.0,170,170,170,170,170,170,170,170,170,170,170
DELETE,/booking/3251,1,0,163.83870001300238,163.83870001300238,163.83870001300238,163.83870001300238,7.0,0.03334331201792287,0.0,160,160,160,160,160,160,160,160,160,160,160
DELETE,/booking/3252,1,0,169.46760000428185,169.46760000428185,169.46760000428185,169.46760000428185,7.0,0.03334331201792287,0.0,170,170,170,170,170,170,170,170,170,170,170
DELETE,/booking/3253,1,0,172.01999999815598,172.01999999815598,172.01999999815598,172.01999999815598,7.0,0.03334331201792287,0.0,170,170,170,170,170,170,170,170,170,170,170
DELETE,/booking/3254,1,0,169.44910000893287,169.44910000893287,169.44910000893287,169.44910000893287,7.0,0.03334331201792287,0.0,170,170,170,170,170,170,170,170,170,170,170
DELETE,/booking/3255,1,0,170.37020000861958,170.37020000861958,170.37020000861958,170.37020000861958,7.0,0.03334331201792287,0.0,170,170,170,170,170,170,170,170,170,170,170
DELETE,/booking/3256,1,0,171.46579999825917,171.46579999825917,171.46579999825917,171.46579999825917,7.0,0.03334331201792287,0.0,170,170,170,170,170,170,170,170,170,170,170
DELETE,/booking/3257,1,0,173.99499999010004,173.99499999010004,173.99499999010004,173.99499999010004,7.0,0.03334331201792287,0.0,170,170,170,170,170,170,170,170,170,170,170
DELETE,/booking/3258,1,0,171.6417999996338,171.6417999996338,171.6417999996338,171.6417999996338,7.0,0.03334331201792287,0.0,170,170,170,170,170,170,170,170,170,170,170
DELETE,/booking/3259,1,0,170.847400004277,170.847400004277,170.847400004277,170.847400004277,7.0,0.03334331201792287,0.0,170,170,170,170,170,170,170,170,170,170,170
DELETE,/booking/3265,1,0,163.01399999065325,163.01399999065325,163.01399999065325,163.01399999065325,7.0,0.03334331201792287,0.0,160,160,160,160,160,160,160,160,160,160,160
DELETE,/booking/3266,1,0,160.69670001161285,160.69670001161285,160.69670001161285,160.69670001161285,7.0,0.03334331201792287,0.0,160,160,160,160,160,160,160,160,160,160,160
DELETE,/booking/3267,1,0,167.39280000911094,167.39280000911094,167.39280000911094,167.39280000911094,7.0,0.03334331201792287,0.0,170,170,170,170,170,170,170,170,170,170,170
DELETE,/booking/3268,1,0,162.78839998994954,162.78839998994954,162.78839998994954,162.78839998994954,7.0,0.03334331201792287,0.0,160,160,160,160,160,160,160,160,160,160,160
DELETE,/booking/3269,1,0,165.80369998700917,165.80369998700917,165.80369998700917,165.80369998700917,7.0,0.03334331201792287,0.0,170,170,170,170,170,170,170,170,170,170,170
DELETE,/booking/3270,1,0,165.83250000257976,165.83250000257976,165.83250000257976,165.83250000257976,7.0,0.03334331201792287,0.0,170,170,170,170,170,170,170,170,170,170,170
DELETE,/booking/3271,1,0,168.67039998760447,168.67039998760447,168.67039998760447,168.67039998760447,7.0,0.03334331201792287,0.0,170,170,170,170,170,170,170,170,170,170,170
DELETE,/booking/3272,1,0,163.18040000624023,163.18040000624023,163.18040000624023,163.18040000624023,7.0,0.03334331201792287,0.0,160,160,160,160,160,160,160,160,160,160,160
DELETE,/booking/3273,1,0,163.41239999746904,163.41239999746904,163.41239999746904,163.41239999746904,7.0,0.03334331201792287,0.0,160,160,160,160,160,160,160,160,160,160,160
DELETE,/booking/3274,1,0,162.50849998323247,162.50849998323247,162.50849998323247,162.50849998323247,7.0,0.03334331201792287,0.0,160,160,160,160,160,160,160,160,160,160,160
DELETE,/booking/3278,1,0,159.99009998631664,159.99009998631664,159.99009998631664,159.99009998631664,7.0,0.03334331201792287,0.0,160,160,160,160,160,160,160,160,160,160,160
DELETE,/booking/3279,1,0,164.66459998628125,164.66459998628125,164.66459998628125,164.66459998628125,7.0,0.03334331201792287,0.0,160,160,160,160,160,160,160,160,160,160,160
DELETE,/booking/3280,1,0,161.09330000472255,161.09330000472255,161.09330000472255,161.09330000472255,7.0,0.03334331201792287,0.0,160,160,160,160,160,160,160,160,160,160,160
DELETE,/booking/3281,1,0,163.50950000924058,163.50950000924058,163.50950000924058,163.50950000924058,7.0,0.03334331201792287,0.0,160,160,160,160,160,160,160,160,160,160,160
DELETE,/booking/3282,1,0,168.84790000040084,168.84790000040084,168.84790000040084,168.84790000040084,7.0,0.03334331201792287,0.0,170,170,170,170,170,170,170,170,170,170,170
DELETE,/booking/3283,1,0,169.6030999883078,169.6030999883078,169.6030999883078,169.6030999883078,7.0,0.03334331201792287,0.0,170,170,170,170,170,170,170,170,170,170,170
DELETE,/booking/3284,1,0,171.21560001396574,171.21560001396574,171.21560001396574,171.21560001396574,7.0,0.03334331201792287,0.0,170,170,170,170,170,170,170,170,170,170,170
DELETE,/booking/3285,1,0,165.53889997885562,165.53889997885562,165.53889997885562,165.53889997885562,7.0,0.03334331201792287,0.0,170,170,170,170,170,170,170,170,170,170,170
DELETE,/booking/3286,1,0,165.32950001419522,165.32950001419522,165.32950001419522,165.32950001419522,7.0,0.03334331201792287,0.0,170,170,170,170,170,170,170,170,170,170,170
DELETE,/booking/3287,1,0,163.73939998447895,163.73939998447895,163.73939998447895,163.73939998447895,7.0,0.03334331201792287,0.0,160,160,160,160,160,160,160,160,160,160,160
DELETE,/booking/3292,1,0,160.00670002540573,160.00670002540573,160.00670002540573,160.00670002540573,7.0,0.03334331201792287,0.0,160,160,160,160,160,160,160,160,160,160,160
DELETE,/booking/3293,1,0,161.29440002259798,161.29440002259798,161.29440002259798,161.29440002259798,7.0,0.03334331201792287,0.0,160,160,160,160,160,160,160,160,160,160,160
DELETE,/booking/3294,1,0,162.4127000104636,162.4127000104636,162.4127000104636,162.4127000104636,7.0,0.03334331201792287,0.0,160,160,160,160,160,160,160,160,160,160,160
DELETE,/booking/3295,1,0,168.55630002100952,168.55630002100952,168.55630002100952,168.55630002100952,7.0,0.03334331201792287,0.0,170,170,170,170,170,170,170,170,170,170,170
DELETE,/booking/3297,1,0,161.42769998987205,161.42769998987205,161.42769998987205,161.42769998987205,7.0,0.03334331201792287,0.0,160,160,160,160,160,160,160,160,160,160,160
DELETE,/booking/3298,1,0,163.53399999206886,163.53399999206886,163.53399999206886,163.53399999206886,7.0,0.03334331201792287,0.0,160,160,160,160,160,160,160,160,160,160,160
DELETE,/booking/3299,1,0,167.39899999811314,167.39899999811314,167.39899999811314,167.39899999811314,7.0,0.03334331201792287,0.0,170,170,170,170,170,170,170,170,170,170,170
DELETE,/booking/3300,1,0,165.08799997973256,165.08799997973256,165.08799997973256,165.08799997973256,7.0,0.03334331201792287,0.0,170,170,170,170,170,170,170,170,170,170,170
DELETE,/booking/3301,1,0,166.97920000297017,166.97920000297017,166.97920000297017,166.97920000297017,7.0,0.03334331201792287,0.0,170,170,170,170,170,170,170,170,170,170,170
DELETE,/booking/3302,1,0,166.1819999862928,166.1819999862928,166.1819999862928,166.1819999862928,7.0,0.03334331201792287,0.0,170,170,170,170,170,170,170,170,170,170,170
DELETE,/booking/3305,1,0,162.0233999856282,162.0233999856282,162.0233999856282,162.0233999856282,7.0,0.03334331201792287,0.0,160,160,160,160,160,160,160,160,160,160,160
DELETE,/booking/3306,1,0,162.9077999969013,162.9077999969013,162.9077999969013,162.9077999969013,7.0,0.03334331201792287,0.0,160,160,160,160,160,160,160,160,160,160,160
DELETE,/booking/3308,1,0,161.5274999930989,161.5274999930989,161.5274999930989,161.5274999930989,7.0,0.03334331201792287,0.0,160,160,160,160,160,160,160,160,160,160,160
DELETE,/booking/3309,1,0,166.4877000148408,166.4877000148408,166.4877000148408,166.4877000148408,7.0,0.03334331201792287,0.0,170,170,170,170,170,170,170,170,170,170,170
DELETE,/booking/3310,1,0,162.89019997930154,162.89019997930154,162.89019997930154,162.89019997930154,7.0,0.03334331201792287,0.0,160,160,160,160,160,160,160,160,160,160,160
DELETE,/booking/3311,1,0,166.11349998856895,166.11349998856895,166.11349998856895,166.11349998856895,7.0,0.03334331201792287,0.0,170,170,170,170,170,170,170,170,170,170,170
DELETE,/booking/3312,1,0,165.4162000049837,165.4162000049837,165.4162000049837,165.4162000049837,7.0,0.03334331201792287,0.0,170,170,170,170,170,170,170,170,170,170,170
DELETE,/booking/3313,1,0,165.54369998630136,165.54369998630136,165.54369998630136,165.54369998630136,7.0,0.03334331201792287,0.0,170,170,170,170,170,170,170,170,170,170,170
DELETE,/booking/3314,1,0,165.16440000850707,165.16440000850707,165.16440000850707,165.16440000850707,7.0,0.03334331201792287,0.0,170,170,170,170,170,170,170,170,170,170,170
DELETE,/booking/3315,1,0,169.85659999772906,169.85659999772906,169.85659999772906,169.85659999772906,7.0,0.03334331201792287,0.0,170,170,170,170,170,170,170,170,170,170,170
DELETE,/booking/3318,1,0,170.07779999403283,170.07779999403283,170.07779999403283,170.07779999403283,7.0,0.03334331201792287,0.0,170,170,170,170,170,170,170,170,170,170,170
DELETE,/booking/3319,1,0,167.3218999931123,167.3218999931123,167.3218999931123,167.3218999931123,7.0,0.03334331201792287,0.0,170,170,170,170,170,170,170,170,170,170,170
DELETE,/booking/3320,1,0,167.2604999912437,167.2604999912437,167.2604999912437,167.2604999912437,7.0,0.03334331201792287,0.0,170,170,170,170,170,170,170,170,170,170,170
DELETE,/booking/3321,1,0,165.85320001468062,165.85320001468062,165.85320001468062,165.85320001468062,7.0,0.03334331201792287,0.0,170,170,170,170,170,170,170,170,170,170,170
DELETE,/booking/3322,1,0,166.86310002114624,166.86310002114624,166.86310002114624,166.86310002114624,7.0,0.03334331201792287,0.0,170,170,170,170,170,170,170,170,170,170,170
DELETE,/booking/3323,1,0,166.2306000071112,166.2306000071112,166.2306000071112,166.2306000071112,7.0,0.03334331201792287,0.0,170,170,170,170,170,170,170,170,170,170,170
DELETE,/booking/3324,1,0,166.53179997229017,166.53179997229017,166.53179997229017,166.53179997229017,7.0,0.03334331201792287,0.0,170,170,170,170,170,170,170,170,170,170,170
DELETE,/booking/3325,1,0,163.26550001394935,163.26550001394935,163.26550001394935,163.26550001394935,7.0,0.03334331201792287,0.0,160,160,160,160,160,160,160,160,160,160,160
DELETE,/booking/3326,1,0,162.68639999907464,162.68639999907464,162.68639999907464,162.68639999907464,7.0,0.03334331201792287,0.0,160,160,160,160,160,160,160,160,160,160,160
DELETE,/booking/3327,1,0,161.45079999114387,161.45079999114387,161.45079999114387,161.45079999114387,7.0,0.03334331201792287,0.0,160,160,160,160,160,160,160,160,160,160,160
DELETE,/booking/3332,1,0,159.0643999807071,159.0643999807071,159.0643999807071,159.0643999807071,7.0,0.03334331201792287,0.0,160,160,160,160,160,160,160,160,160,160,160
DELETE,/booking/3333,1,0,164.5839000120759,164.5839000120759,164.5839000120759,164.5839000120759,7.0,0.03334331201792287,0.0,160,160,160,160,160,160,160,160,160,160,160
DELETE,/booking/3334,1,0,164.99610000755638,164.99610000755638,164.99610000755638,164.99610000755638,7.0,0.03334331201792287,0.0,160,160,160,160,160,160,160,160,160,160,160
DELETE,/booking/3335,1,0,165.1756000064779,165.1756000064779,165.1756000064779,165.1756000064779,7.0,0.03334331201792287,0.0,170,170,170,170,170,170,170,170,170,170,170
DELETE,/booking/3336,1,0,167.7198999968823,167.7198999968823,167.7198999968823,167.7198999968823,7.0,0.03334331201792287,0.0,170,170,170,170,170,170,170,170,170,170,170
DELETE,/booking/3337,1,0,165.01210001297295,165.01210001297295,165.01210001297295,165.01210001297295,7.0,0.03334331201792287,0.0,170,170,170,170,170,170,170,170,170,170,170
DELETE,/booking/3338,1,0,166.88810000778176,166.88810000778176,166.88810000778176,166.88810000778176,7.0,0.03334331201792287,0.0,170,170,170,170,170,170,170,170,170,170,170
DELETE,/booking/3339,1,0,167.8781000082381,167.8781000082381,167.8781000082381,167.8781000082381,7.0,0.03334331201792287,0.0,170,170,170,170,170,170,170,170,170,170,170
DELETE,/booking/3340,1,0,167.8978999843821,167.8978999843821,167.8978999843821,167.8978999843821,7.0,0.03334331201792287,0.0,170,170,170,170,170,170,170,170,170,170,170
DELETE,/booking/3342,1,0,163.28269999939948,163.28269999939948,163.28269999939948,163.28269999939948,7.0,0.03334331201792287,0.0,160,160,160,160,160,160,160,160,160,160,160
DELETE,/booking/3345,1,0,166.53979997499846,166.53979997499846,166.53979997499846,166.53979997499846,7.0,0.03334331201792287,0.0,170,170,170,170,170,170,170,170,170,170,170
DELETE,/booking/3346,1,0,168.80739998305216,168.80739998305216,168.80739998305216,168.80739998305216,7.0,0.03334331201792287,0.0,170,170,170,170,170,170,170,170,170,170,170
DELETE,/booking/3347,1,0,169.11950000212528,169.11950000212528,169.11950000212528,169.11950000212528,7.0,0.03334331201792287,0.0,170,170,170,170,170,170,170,170,170,170,170
DELETE,/booking/3348,1,0,161.78570000920445,161.78570000920445,161.78570000920445,161.78570000920445,7.0,0.03334331201792287,0.0,160,160,160,160,160,160,160,160,160,160,160
DELETE,/booking/3350,1,0,168.04339998634532,168.04339998634532,168.04339998634532,168.04339998634532,7.0,0.03334331201792287,0.0,170,170,170,170,170,170,170,170,170,170,170
DELETE,/booking/3351,1,0,165.8500999910757,165.8500999910757,165.8500999910757,165.8500999910757,7.0,0.03334331201792287,0.0,170,170,170,170,170,170,170,170,170,170,170
DELETE,/booking/3352,1,0,165.97090000868775,165.97090000868775,165.97090000868775,165.97090000868775,7.0,0.03334331201792287,0.0,170,170,170,170,170,170,170,170,170,170,170
DELETE,/booking/3353,1,0,162.98170000663958,162.98170000663958,162.98170000663958,162.98170000663958,7.0,0.03334331201792287,0.0,160,160,160,160,160,160,160,160,160,160,160
DELETE,/booking/3354,1,0,164.49970001121983,164.49970001121983,164.49970001121983,164.49970001121983,7.0,0.03334331201792287,0.0,160,160,160,160,160,160,160,160,160,160,160
DELETE,/booking/3355,1,0,165.6424000102561,165.6424000102561,165.6424000102561,165.6424000102561,7.0,0.03334331201792287,0.0,170,170,170,170,170,170,170,170,170,170,170
DELETE,/booking/3359,1,0,165.72749998886138,165.72749998886138,165.72749998886138,165.72749998886138,7.0,0.03334331201792287,0.0,170,170,170,170,170,170,170,170,170,170,170
DELETE,/booking/3361,1,0,161.2648000009358,161.2648000009358,161.2648000009358,161.2648000009358,7.0,0.03334331201792287,0.0,160,160,160,160,160,160,160,160,160,160,160
DELETE,/booking/3362,1,0,160.67440001643263,160.67440001643263,160.67440001643263,160.67440001643263,7.0,0.03334331201792287,0.0,160,160,160,160,160,160,160,160,160,160,160
DELETE,/booking/3364,1,0,162.99209999851882,162.99209999851882,162.99209999851882,162.99209999851882,7.0,0.03334331201792287,0.0,160,160,160,160,160,160,160,160,160,160,160
DELETE,/booking/3365,1,0,163.9584999938961,163.9584999938961,163.9584999938961,163.9584999938961,7.0,0.03334331201792287,0.0,160,160,160,160,160,160,160,160,160,160,160
DELETE,/booking/3366,1,0,163.85640000225976,163.85640000225976,163.85640000225976,163.85640000225976,7.0,0.03334331201792287,0.0,160,160,160,160,160,160,160,160,160,160,160
DELETE,/booking/3367,1,0,169.1178999899421,169.1178999899421,169.1178999899421,169.1178999899421,7.0,0.03334331201792287,0.0,170,170,170,170,170,170,170,170,170,170,170
DELETE,/booking/3368,1,0,169.80119998333976,169.80119998333976,169.80119998333976,169.80119998333976,7.0,0.03334331201792287,0.0,170,170,170,170,170,170,170,170,170,170,170
DELETE,/booking/3369,1,0,165.24430000572465,165.24430000572465,165.24430000572465,165.24430000572465,7.0,0.03334331201792287,0.0,170,170,170,170,170,170,170,170,170,170,170
DELETE,/booking/3370,1,0,172.57809999864548,172.57809999864548,172.57809999864548,172.57809999864548,7.0,0.03334331201792287,0.0,170,170,170,170,170,170,170,170,170,170,170
DELETE,/booking/3375,1,0,164.6173000044655,164.6173000044655,164.6173000044655,164.6173000044655,7.0,0.03334331201792287,0.0,160,160,160,160,160,160,160,160,160,160,160
DELETE,/booking/3376,1,0,166.5989000175614,166.5989000175614,166.5989000175614,166.5989000175614,7.0,0.03334331201792287,0.0,170,170,170,170,170,170,170,170,170,170,170
DELETE,/booking/3377,1,0,166.49509998387657,166.49509998387657,166.49509998387657,166.49509998387657,7.0,0.03334331201792287,0.0,170,170,170,170,170,170,170,170,170,170,170
DELETE,/booking/3378,1,0,162.59260001243092,162.59260001243092,162.59260001243092,162.59260001243092,7.0,0.03334331201792287,0.0,160,160,160,160,160,160,160,160,160,160,160
DELETE,/booking/3379,1,0,165.97440000623465,165.97440000623465,165.97440000623465,165.97440000623465,7.0,0.03334331201792287,0.0,170,170,170,170,170,170,170,170,170,170,170
DELETE,/booking/3380,1,0,166.48039998835884,166.48039998835884,166.48039998835884,166.48039998835884,7.0,0.03334331201792287,0.0,170,170,170,170,170,170,170,170,170,170,170
DELETE,/booking/3381,1,0,163.8465999858454,163.8465999858454,163.8465999858454,163.8465999858454,7.0,0.03334331201792287,0.0,160,160,160,160,160,160,160,160,160,160,160
DELETE,/booking/3382,1,0,165.19359999801964,165.19359999801964,165.19359999801964,165.19359999801964,7.0,0.03334331201792287,0.0,170,170,170,170,170,170,170,170,170,170,170
DELETE,/booking/3383,1,0,166.9627999945078,166.9627999945078,166.9627999945078,166.9627999945078,7.0,0.03334331201792287,0.0,170,170,170,170,170,170,170,170,170,170,170
DELETE,/booking/3384,1,0,162.84979999181814,162.84979999181814,162.84979999181814,162.84979999181814,7.0,0.03334331201792287,0.0,160,160,160,160,160,160,160,160,160,160,160
DELETE,/booking/3392,1,0,160.50900000846013,160.50900000846013,160.50900000846013,160.50900000846013,7.0,0.03334331201792287,0.0,160,160,160,160,160,160,160,160,160,160,160
DELETE,/booking/3393,1,0,162.50650002621114,162.50650002621114,162.50650002621114,162.50650002621114,7.0,0.03334331201792287,0.0,160,160,160,160,160,160,160,160,160,160,160
DELETE,/booking/3394,1,0,160.59510002378374,160.59510002378374,160.59510002378374,160.59510002378374,7.0,0.03334331201792287,0.0,160,160,160,160,160,160,160,160,160,160,160
DELETE,/booking/3395,1,0,167.1236999973189,167.1236999973189,167.1236999973189,167.1236999973189,7.0,0.03334331201792287,0.0,170,170,170,170,170,170,170,170,170,170,170
DELETE,/booking/3396,1,0,168.81960001774132,168.81960001774132,168.81960001774132,168.81960001774132,7.0,0.03334331201792287,0.0,170,170,170,170,170,170,170,170,170,170,170
DELETE,/booking/3397,1,0,165.88109999429435,165.88109999429435,165.88109999429435,165.88109999429435,7.0,0.03334331201792287,0.0,170,170,170,170,170,170,170,170,170,170,170
DELETE,/booking/3398,1,0,166.26899997936562,166.26899997936562,166.26899997936562,166.26899997936562,7.0,0.03334331201792287,0.0,170,170,170,170,170,170,170,170,170,170,170
DELETE,/booking/3399,1,0,165.10469999047928,165.10469999047928,165.10469999047928,165.10469999047928,7.0,0.03334331201792287,0.0,170,170,170,170,170,170,170,170,170,170,170
DELETE,/booking/3400,1,0,164.2279000079725,164.2279000079725,164.2279000079725,164.2279000079725,7.0,0.03334331201792287,0.0,160,160,160,160,160,160,160,160,160,160,160
DELETE,/booking/3403,1,0,181.47510002017953,181.47510002017953,181.47510002017953,181.47510002017953,7.0,0.03334331201792287,0.0,180,180,180,180,180,180,180,180,180,180,180
DELETE,/booking/3407,1,0,160.0814999837894,160.0814999837894,160.0814999837894,160.0814999837894,7.0,0.03334331201792287,0.0,160,160,160,160,160,160,160,160,160,160,160
DELETE,/booking/3408,1,0,165.72910000104457,165.72910000104457,165.72910000104457,165.72910000104457,7.0,0.03334331201792287,0.0,170,170,170,170,170,170,170,170,170,170,170
DELETE,/booking/3409,1,0,166.11570000532083,166.11570000532083,166.11570000532083,166.11570000532083,7.0,0.03334331201792287,0.0,170,170,170,170,170,170,170,170,170,170,170
DELETE,/booking/3410,1,0,163.32679998595268,163.32679998595268,163.32679998595268,163.32679998595268,7.0,0.03334331201792287,0.0,160,160,160,160,160,160,160,160,160,160,160
DELETE,/booking/3411,1,0,161.94020002149045,161.94020002149045,161.94020002149045,161.94020002149045,7.0,0.03334331201792287,0.0,160,160,160,160,160,160,160,160,160,160,160
DELETE,/booking/3412,1,0,164.76799998781644,164.76799998781644,164.76799998781644,164.76799998781644,7.0,0.03334331201792287,0.0,160,160,160,160,160,160,160,160,160,160,160
DELETE,/booking/3413,1,0,162.5167999882251,162.5167999882251,162.5167999882251,162.5167999882251,7.0,0.03334331201792287,0.0,160,160,160,160,160,160,160,160,160,160,160
DELETE,/booking/3414,1,0,164.97559999697842,164.97559999697842,164.97559999697842,164.97559999697842,7.0,0.03334331201792287,0.0,160,160,160,160,160,160,160,160,160,160,160
DELETE,/booking/3415,1,0,169.84640000737272,169.84640000737272,169.84640000737272,169.84640000737272,7.0,0.03334331201792287,0.0,170,170,170,170,170,170,170,170,170,170,170
DELETE,/booking/3418,1,0,187.50070000533015,187.50070000533015,187.50070000533015,187.50070000533015,7.0,0.03334331201792287,0.0,190,190,190,190,190,190,190,190,190,190,190
DELETE,/booking/3421,1,0,165.99769997992553,165.99769997992553,165.99769997992553,165.99769997992553,7.0,0.03334331201792287,0.0,170,170,170,170,170,170,170,170,170,170,170
DELETE,/booking/3423,1,0,163.22840002248995,163.22840002248995,163.22840002248995,163.22840002248995,7.0,0.03334331201792287,0.0,160,160,160,160,160,160,160,160,160,160,160
DELETE,/booking/3424,1,0,164.0897000033874,164.0897000033874,164.0897000033874,164.0897000033874,7.0,0.03334331201792287,0.0,160,160,160,160,160,160,160,160,160,160,160
DELETE,/booking/3425,1,0,164.87659999984317,164.87659999984317,164.87659999984317,164.87659999984317,7.0,0.03334331201792287,0.0,160,160,160,160,160,160,160,160,160,160,160
DELETE,/booking/3426,1,0,164.23670001677237,164.23670001677237,164.23670001677237,164.23670001677237,7.0,0.03334331201792287,0.0,160,160,160,160,160,160,160,160,160,160,160
DELETE,/booking/3427,1,0,161.93079997901805,161.93079997901805,161.93079997901805,161.93079997901805,7.0,0.03334331201792287,0.0,160,160,160,160,160,160,160,160,160,160,160
DELETE,/booking/3428,1,0,162.55069998442195,162.55069998442195,162.55069998442195,162.55069998442195,7.0,0.03334331201792287,0.0,160,160,160,160,160,160,160,160,160,160,160
DELETE,/booking/3429,1,0,165.624499990372,165.624499990372,165.624499990372,165.624499990372,7.0,0.03334331201792287,0.0,170,170,170,170,170,170,170,170,170,170,170
DELETE,/booking/3430,1,0,164.72000000067055,164.72000000067055,164.72000000067055,164.72000000067055,7.0,0.03334331201792287,0.0,160,160,160,160,160,160,160,160,160,160,160
DELETE,/booking/3432,1,0,194.90249999216758,194.90249999216758,194.90249999216758,194.90249999216758,7.0,0.03334331201792287,0.0,190,190,190,190,190,190,190,190,190,190,190
DELETE,/booking/3435,1,0,159.54039999633096,159.54039999633096,159.54039999633096,159.54039999633096,7.0,0.03334331201792287,0.0,160,160,160,160,160,160,160,160,160,160,160
DELETE,/booking/3437,1,0,162.17579998192377,162.17579998192377,162.17579998192377,162.17579998192377,7.0,0.03334331201792287,0.0,160,160,160,160,160,160,160,160,160,160,160
DELETE,/booking/3438,1,0,161.99379999306984,161.99379999306984,161.99379999306984,161.99379999306984,7.0,0.03334331201792287,0.0,160,160,160,160,160,160,160,160,160,160,160
DELETE,/booking/3439,1,0,163.4798999875784,163.4798999875784,163.4798999875784,163.4798999875784,7.0,0.03334331201792287,0.0,160,160,160,160,160,160,160,160,160,160,160
DELETE,/booking/3440,1,0,162.28469999623485,162.28469999623485,162.28469999623485,162.28469999623485,7.0,0.03334331201792287,0.0,160,160,160,160,160,160,160,160,160,160,160
DELETE,/booking/3441,1,0,162.48720002477057,162.48720002477057,162.48720002477057,162.48720002477057,7.0,0.03334331201792287,0.0,160,160,160,160,160,160,160,160,160,160,160
DELETE,/booking/3442,1,0,162.2518999793101,162.2518999793101,162.2518999793101,162.2518999793101,7.0,0.03334331201792287,0.0,160,160,160,160,160,160,160,160,160,160,160
DELETE,/booking/3443,1,0,167.99889999674633,167.99889999674633,167.99889999674633,167.99889999674633,7.0,0.03334331201792287,0.0,170,170,170,170,170,170,170,170,170,170,170
DELETE,/booking/3444,1,0,164.81719998409972,164.81719998409972,164.81719998409972,164.81719998409972,7.0,0.03334331201792287,0.0,160,160,160,160,160,160,160,160,160,160,160
DELETE,/booking/3447,1,0,162.8095000050962,162.8095000050962,162.8095000050962,162.8095000050962,7.0,0.03334331201792287,0.0,160,160,160,160,160,160,160,160,160,160,160
DELETE,/booking/3450,1,0,165.5573999742046,165.5573999742046,165.5573999742046,165.5573999742046,7.0,0.03334331201792287,0.0,170,170,170,170,170,170,170,170,170,170,170
DELETE,/booking/3452,1,0,165.7859999977518,165.7859999977518,165.7859999977518,165.7859999977518,7.0,0.03334331201792287,0.0,170,170,170,170,170,170,170,170,170,170,170
DELETE,/booking/3453,1,0,165.55479998351075,165.55479998351075,165.55479998351075,165.55479998351075,7.0,0.03334331201792287,0.0,170,170,170,170,170,170,170,170,170,170,170
DELETE,/booking/3454,1,0,162.90559998014942,162.90559998014942,162.90559998014942,162.90559998014942,7.0,0.03334331201792287,0.0,160,160,160,160,160,160,160,160,160,160,160
DELETE,/booking/3455,1,0,161.88420000253245,161.88420000253245,161.88420000253245,161.88420000253245,7.0,0.03334331201792287,0.0,160,160,160,160,160,160,160,160,160,160,160
DELETE,/booking/3456,1,0,162.2856000030879,162.2856000030879,162.2856000030879,162.2856000030879,7.0,0.03334331201792287,0.0,160,160,160,160,160,160,160,160,160,160,160
DELETE,/booking/3457,1,0,163.27640000963584,163.27640000963584,163.27640000963584,163.27640000963584,7.0,0.03334331201792287,0.0,160,160,160,160,160,160,160,160,160,160,160
DELETE,/booking/3458,1,0,170.46400002436712,170.46400002436712,170.46400002436712,170.46400002436712,7.0,0.03334331201792287,0.0,170,170,170,170,170,170,170,170,170,170,170
DELETE,/booking/3459,1,0,171.49420001078397,171.49420001078397,171.49420001078397,171.49420001078397,7.0,0.03334331201792287,0.0,170,170,170,170,170,170,170,170,170,170,170
DELETE,/booking/3462,1,0,162.96680000959896,162.96680000959896,162.96680000959896,162.96680000959896,7.0,0.03334331201792287,0.0,160,160,160,160,160,160,160,160,160,160,160
DELETE,/booking/3465,1,0,168.67360001197085,168.67360001197085,168.67360001197085,168.67360001197085,7.0,0.03334331201792287,0.0,170,170,170,170,170,170,170,170,170,170,170
DELETE,/booking/3466,1,0,162.5771000108216,162.5771000108216,162.5771000108216,162.5771000108216,7.0,0.03334331201792287,0.0,160,160,160,160,160,160,160,160,160,160,160
DELETE,/booking/3467,1,0,163.603900000453,163.603900000453,163.603900000453,163.603900000453,7.0,0.03334331201792287,0.0,160,160,160,160,160,160,160,160,160,160,160
DELETE,/booking/3468,1,0,164.4469000166282,164.4469000166282,164.4469000166282,164.4469000166282,7.0,0.03334331201792287,0.0,160,160,160,160,160,160,160,160,160,160,160
DELETE,/booking/3469,1,0,162.6150999800302,162.6150999800302,162.6150999800302,162.6150999800302,7.0,0.03334331201792287,0.0,160,160,160,160,160,160,160,160,160,160,160
DELETE,/booking/3470,1,0,161.25669999746606,161.25669999746606,161.25669999746606,161.25669999746606,7.0,0.03334331201792287,0.0,160,160,160,160,160,160,160,160,160,160,160
DELETE,/booking/3471,1,0,161.75299999304116,161.75299999304116,161.75299999304116,161.75299999304116,7.0,0.03334331201792287,0.0,160,160,160,160,160,160,160,160,160,160,160
DELETE,/booking/3472,1,0,167.67589998198673,167.67589998198673,167.67589998198673,167.67589998198673,7.0,0.03334331201792287,0.0,170,170,170,170,170,170,170,170,170,170,170
DELETE,/booking/3473,1,0,167.53950002021156,167.53950002021156,167.53950002021156,167.53950002021156,7.0,0.03334331201792287,0.0,170,170,170,170,170,170,170,170,170,170,170
DELETE,/booking/3476,1,0,181.66140001267195,181.66140001267195,181.66140001267195,181.66140001267195,7.0,0.03334331201792287,0.0,180,180,180,180,180,180,180,180,180,180,180
DELETE,/booking/3478,1,0,162.33120000106283,162.33120000106283,162.33120000106283,162.33120000106283,7.0,0.03334331201792287,0.0,160,160,160,160,160,160,160,160,160,160,160
DELETE,/booking/3480,1,0,161.97119999560528,161.97119999560528,161.97119999560528,161.97119999560528,7.0,0.03334331201792287,0.0,160,160,160,160,160,160,160,160,160,160,160
DELETE,/booking/3481,1,0,161.81540000252426,161.81540000252426,161.81540000252426,161.81540000252426,7.0,0.03334331201792287,0.0,160,160,160,160,160,160,160,160,160,160,160
DELETE,/booking/3482,1,0,168.63259999081492,168.63259999081492,168.63259999081492,168.63259999081492,7.0,0.03334331201792287,0.0,170,170,170,170,170,170,170,170,170,170,170
DELETE,/booking/3483,1,0,161.4316999912262,161.4316999912262,161.4316999912262,161.4316999912262,7.0,0.03334331201792287,0.0,160,160,160,160,160,160,160,160,160,160,160
DELETE,/booking/3484,1,0,166.38929999317043,166.38929999317043,166.38929999317043,166.38929999317043,7.0,0.03334331201792287,0.0,170,170,170,170,170,170,170,170,170,170,170
DELETE,/booking/3485,1,0,163.84360002120957,163.84360002120957,163.84360002120957,163.84360002120957,7.0,0.03334331201792287,0.0,160,160,160,160,160,160,160,160,160,160,160
DELETE,/booking/3486,1,0,163.02969999378547,163.02969999378547,163.02969999378547,163.02969999378547,7.0,0.03334331201792287,0.0,160,160,160,160,160,160,160,160,160,160,160
DELETE,/booking/3487,1,0,162.48490000725724,162.48490000725724,162.48490000725724,162.48490000725724,7.0,0.03334331201792287,0.0,160,160,160,160,160,160,160,160,160,160,160
DELETE,/booking/3489,1,0,183.62870000419207,183.62870000419207,183.62870000419207,183.62870000419207,7.0,0.03334331201792287,0.0,180,180,180,180,180,180,180,180,180,180,180
DELETE,/booking/3491,1,0,160.57989999535494,160.57989999535494,160.57989999535494,160.57989999535494,7.0,0.03334331201792287,0.0,160,160,160,160,160,160,160,160,160,160,160
DELETE,/booking/3492,1,0,163.87790002045222,163.87790002045222,163.87790002045222,163.87790002045222,7.0,0.03334331201792287,0.0,160,160,160,160,160,160,160,160,160,160,160
DELETE,/booking/3493,1,0,164.72780000185594,164.72780000185594,164.72780000185594,164.72780000185594,7.0,0.03334331201792287,0.0,160,160,160,160,160,160,160,160,160,160,160
DELETE,/booking/3495,1,0,168.96239999914542,168.96239999914542,168.96239999914542,168.96239999914542,7.0,0.03334331201792287,0.0,170,170,170,170,170,170,170,170,170,170,170
DELETE,/booking/3496,1,0,163.72819998650812,163.72819998650812,163.72819998650812,163.72819998650812,7.0,0.03334331201792287,0.0,160,160,160,160,160,160,160,160,160,160,160
DELETE,/booking/3497,1,0,165.92030000174418,165.92030000174418,165.92030000174418,165.92030000174418,7.0,0.03334331201792287,0.0,170,170,170,170,170,170,170,170,170,170,170
DELETE,/booking/3498,1,0,165.9469000005629,165.9469000005629,165.9469000005629,165.9469000005629,7.0,0.03334331201792287,0.0,170,170,170,170,170,170,170,170,170,170,170
DELETE,/booking/3499,1,0,164.20889997971244,164.20889997971244,164.20889997971244,164.20889997971244,7.0,0.03334331201792287,0.0,160,160,160,160,160,160,160,160,160,160,160
DELETE,/booking/3501,1,0,164.24809998716228,164.24809998716228,164.24809998716228,164.24809998716228,7.0,0.03334331201792287,0.0,160,160,160,160,160,160,160,160,160,160,160
DELETE,/booking/3504,1,0,163.2324999955017,163.2324999955017,163.2324999955017,163.2324999955017,7.0,0.03334331201792287,0.0,160,160,160,160,160,160,160,160,160,160,160
DELETE,/booking/3507,1,0,160.65330000128597,160.65330000128597,160.65330000128597,160.65330000128597,7.0,0.03334331201792287,0.0,160,160,160,160,160,160,160,160,160,160,160
DELETE,/booking/3509,1,0,166.73910000827163,166.73910000827163,166.73910000827163,166.73910000827163,7.0,0.03334331201792287,0.0,170,170,170,170,170,170,170,170,170,170,170
DELETE,/booking/3510,1,0,160.51729998434894,160.51729998434894,160.51729998434894,160.51729998434894,7.0,0.03334331201792287,0.0,160,160,160,160,160,160,160,160,160,160,160
DELETE,/booking/3511,1,0,161.64390000631101,161.64390000631101,161.64390000631101,161.64390000631101,7.0,0.03334331201792287,0.0,160,160,160,160,160,160,160,160,160,160,160
DELETE,/booking/3512,1,0,163.6073999979999,163.6073999979999,163.6073999979999,163.6073999979999,7.0,0.03334331201792287,0.0,160,160,160,160,160,160,160,160,160,160,160
DELETE,/booking/3514,1,0,166.4390999940224,166.4390999940224,166.4390999940224,166.4390999940224,7.0,0.03334331201792287,0.0,170,170,170,170,170,170,170,170,170,170,170
DELETE,/booking/3515,1,0,164.67460000421852,164.67460000421852,164.67460000421852,164.67460000421852,7.0,0.03334331201792287,0.0,160,160,160,160,160,160,160,160,160,160,160
DELETE,/booking/3516,1,0,167.85989998606965,167.85989998606965,167.85989998606965,167.85989998606965,7.0,0.03334331201792287,0.0,170,170,170,170,170,170,170,170,170,170,170
DELETE,/booking/3517,1,0,176.389600004768,176.389600004768,176.389600004768,176.389600004768,7.0,0.03334331201792287,0.0,180,180,180,180,180,180,180,180,180,180,180
DELETE,/booking/3521,1,0,196.2405999947805,196.2405999947805,196.2405999947805,196.2405999947805,7.0,0.03334331201792287,0.0,200,200,200,200,200,200,200,200,200,200,200
DELETE,/booking/3523,1,0,165.86179999285378,165.86179999285378,165.86179999285378,165.86179999285378,7.0,0.03334331201792287,0.0,170,170,170,170,170,170,170,170,170,170,170
DELETE,/booking/3524,1,0,160.91920001781546,160.91920001781546,160.91920001781546,160.91920001781546,7.0,0.03334331201792287,0.0,160,160,160,160,160,160,160,160,160,160,160
DELETE,/booking/3525,1,0,164.10920000635087,164.10920000635087,164.10920000635087,164.10920000635087,7.0,0.03334331201792287,0.0,160,160,160,160,160,160,160,160,160,160,160
DELETE,/booking/3528,1,0,162.40889998152852,162.40889998152852,162.40889998152852,162.40889998152852,7.0,0.03334331201792287,0.0,160,160,160,160,160,160,160,160,160,160,160
DELETE,/booking/3529,1,0,169.9674999981653,169.9674999981653,169.9674999981653,169.9674999981653,7.0,0.03334331201792287,0.0,170,170,170,170,170,170,170,170,170,170,170
DELETE,/booking/3530,1,0,168.2091999973636,168.2091999973636,168.2091999973636,168.2091999973636,7.0,0.03334331201792287,0.0,170,170,170,170,170,170,170,170,170,170,170
DELETE,/booking/3531,1,0,165.26199999498203,165.26199999498203,165.26199999498203,165.26199999498203,7.0,0.03334331201792287,0.0,170,170,170,170,170,170,170,170,170,170,170
DELETE,/booking/3532,1,0,162.4461000028532,162.4461000028532,162.4461000028532,162.4461000028532,7.0,0.03334331201792287,0.0,160,160,160,160,160,160,160,160,160,160,160
DELETE,/booking/3534,1,0,166.15219999221154,166.15219999221154,166.15219999221154,166.15219999221154,7.0,0.03334331201792287,0.0,170,170,170,170,170,170,170,170,170,170,170
DELETE,/booking/3537,1,0,164.8235999746248,164.8235999746248,164.8235999746248,164.8235999746248,7.0,0.03334331201792287,0.0,160,160,160,160,160,160,160,160,160,160,160
DELETE,/booking/3539,1,0,159.32740000425838,159.32740000425838,159.32740000425838,159.32740000425838,7.0,0.03334331201792287,0.0,160,160,160,160,160,160,160,160,160,160,160
DELETE,/booking/3540,1,0,160.91869998490438,160.91869998490438,160.91869998490438,160.91869998490438,7.0,0.03334331201792287,0.0,160,160,160,160,160,160,160,160,160,160,160
DELETE,/booking/3541,1,0,160.15489998972043,160.15489998972043,160.15489998972043,160.15489998972043,7.0,0.03334331201792287,0.0,160,160,160,160,160,160,160,160,160,160,160
DELETE,/booking/3543,1,0,174.4268999900669,174.4268999900669,174.4268999900669,174.4268999900669,7.0,0.03334331201792287,0.0,170,170,170,170,170,170,170,170,170,170,170
DELETE,/booking/3544,1,0,177.7715000207536,177.7715000207536,177.7715000207536,177.7715000207536,7.0,0.03334331201792287,0.0,180,180,180,180,180,180,180,180,180,180,180
DELETE,/booking/3545,1,0,177.21229998278432,177.21229998278432,177.21229998278432,177.21229998278432,7.0,0.03334331201792287,0.0,180,180,180,180,180,180,180,180,180,180,180
DELETE,/booking/3546,1,0,177.28319999878295,177.28319999878295,177.28319999878295,177.28319999878295,7.0,0.03334331201792287,0.0,180,180,180,180,180,180,180,180,180,180,180
DELETE,/booking/3547,1,0,163.526800024556,163.526800024556,163.526800024556,163.526800024556,7.0,0.03334331201792287,0.0,160,160,160,160,160,160,160,160,160,160,160
DELETE,/booking/3548,1,0,164.55580000183545,164.55580000183545,164.55580000183545,164.55580000183545,7.0,0.03334331201792287,0.0,160,160,160,160,160,160,160,160,160,160,160
DELETE,/booking/3553,1,0,163.39249999145977,163.39249999145977,163.39249999145977,163.39249999145977,7.0,0.03334331201792287,0.0,160,160,160,160,160,160,160,160,160,160,160
DELETE,/booking/3554,1,0,159.61349999997765,159.61349999997765,159.61349999997765,159.61349999997765,7.0,0.03334331201792287,0.0,160,160,160,160,160,160,160,160,160,160,160
DELETE,/booking/3555,1,0,161.1888000043109,161.1888000043109,161.1888000043109,161.1888000043109,7.0,0.03334331201792287,0.0,160,160,160,160,160,160,160,160,160,160,160
DELETE,/booking/3556,1,0,160.7934999919962,160.7934999919962,160.7934999919962,160.7934999919962,7.0,0.03334331201792287,0.0,160,160,160,160,160,160,160,160,160,160,160
DELETE,/booking/3559,1,0,167.81800001626834,167.81800001626834,167.81800001626834,167.81800001626834,7.0,0.03334331201792287,0.0,170,170,170,170,170,170,170,170,170,170,170
DELETE,/booking/3560,1,0,162.58780000498518,162.58780000498518,162.58780000498518,162.58780000498518,7.0,0.03334331201792287,0.0,160,160,160,160,160,160,160,160,160,160,160
DELETE,/booking/3561,1,0,168.66180000943132,168.66180000943132,168.66180000943132,168.66180000943132,7.0,0.03334331201792287,0.0,170,170,170,170,170,170,170,170,170,170,170
DELETE,/booking/3562,1,0,166.31890001008287,166.31890001008287,166.31890001008287,166.31890001008287,7.0,0.03334331201792287,0.0,170,170,170,170,170,170,170,170,170,170,170
DELETE,/booking/3563,1,0,173.157600016566,173.157600016566,173.157600016566,173.157600016566,7.0,0.03334331201792287,0.0,170,170,170,170,170,170,170,170,170,170,170
DELETE,/booking/3564,1,0,162.49730001436546,162.49730001436546,162.49730001436546,162.49730001436546,7.0,0.03334331201792287,0.0,160,160,160,160,160,160,160,160,160,160,160
DELETE,/booking/3566,1,0,176.1603000049945,176.1603000049945,176.1603000049945,176.1603000049945,7.0,0.03334331201792287,0.0,180,180,180,180,180,180,180,180,180,180,180
DELETE,/booking/3567,1,0,175.82099998253398,175.82099998253398,175.82099998253398,175.82099998253398,7.0,0.03334331201792287,0.0,180,180,180,180,180,180,180,180,180,180,180
DELETE,/booking/3568,1,0,170.50030000973493,170.50030000973493,170.50030000973493,170.50030000973493,7.0,0.03334331201792287,0.0,170,170,170,170,170,170,170,170,170,170,170
DELETE,/booking/3569,1,0,168.43949997564778,168.43949997564778,168.43949997564778,168.43949997564778,7.0,0.03334331201792287,0.0,170,170,170,170,170,170,170,170,170,170,170
DELETE,/booking/3571,1,0,166.18100000778213,166.18100000778213,166.18100000778213,166.18100000778213,7.0,0.03334331201792287,0.0,170,170,170,170,170,170,170,170,170,170,170
DELETE,/booking/3572,1,0,167.88459999952465,167.88459999952465,167.88459999952465,167.88459999952465,7.0,0.03334331201792287,0.0,170,170,170,170,170,170,170,170,170,170,170
DELETE,/booking/3573,1,0,168.4036000224296,168.4036000224296,168.4036000224296,168.4036000224296,7.0,0.03334331201792287,0.0,170,170,170,170,170,170,170,170,170,170,170
DELETE,/booking/3574,1,0,168.848600005731,168.848600005731,168.848600005731,168.848600005731,7.0,0.03334331201792287,0.0,170,170,170,170,170,170,170,170,170,170,170
DELETE,/booking/3575,1,0,178.11760000768118,178.11760000768118,178.11760000768118,178.11760000768118,7.0,0.03334331201792287,0.0,180,180,180,180,180,180,180,180,180,180,180
DELETE,/booking/3576,1,0,176.56670001451857,176.56670001451857,176.56670001451857,176.56670001451857,7.0,0.03334331201792287,0.0,180,180,180,180,180,180,180,180,180,180,180
DELETE,/booking/3578,1,0,159.79340000194497,159.79340000194497,159.79340000194497,159.79340000194497,7.0,0.03334331201792287,0.0,160,160,160,160,160,160,160,160,160,160,160
DELETE,/booking/3579,1,0,162.2479000070598,162.2479000070598,162.2479000070598,162.2479000070598,7.0,0.03334331201792287,0.0,160,160,160,160,160,160,160,160,160,160,160
DELETE,/booking/3580,1,0,161.83269998873584,161.83269998873584,161.83269998873584,161.83269998873584,7.0,0.03334331201792287,0.0,160,160,160,160,160,160,160,160,160,160,160
DELETE,/booking/3581,1,0,162.9374999902211,162.9374999902211,162.9374999902211,162.9374999902211,7.0,0.03334331201792287,0.0,160,160,160,160,160,160,160,160,160,160,160
DELETE,/booking/3582,1,0,163.42420000000857,163.42420000000857,163.42420000000857,163.42420000000857,7.0,0.03334331201792287,0.0,160,160,160,160,160,160,160,160,160,160,160
DELETE,/booking/3583,1,0,163.4403000061866,163.4403000061866,163.4403000061866,163.4403000061866,7.0,0.03334331201792287,0.0,160,160,160,160,160,160,160,160,160,160,160
DELETE,/booking/3584,1,0,162.4493999988772,162.4493999988772,162.4493999988772,162.4493999988772,7.0,0.03334331201792287,0.0,160,160,160,160,160,160,160,160,160,160,160
DELETE,/booking/3586,1,0,162.1877999859862,162.1877999859862,162.1877999859862,162.1877999859862,7.0,0.03334331201792287,0.0,160,160,160,160,160,160,160,160,160,160,160
DELETE,/booking/3587,1,0,168.7182000023313,168.7182000023313,168.7182000023313,168.7182000023313,7.0,0.03334331201792287,0.0,170,170,170,170,170,170,170,170,170,170,170
DELETE,/booking/3588,1,0,168.8612000143621,168.8612000143621,168.8612000143621,168.8612000143621,7.0,0.03334331201792287,0.0,170,170,170,170,170,170,170,170,170,170,170
DELETE,/booking/3592,1,0,163.65610001957975,163.65610001957975,163.65610001957975,163.65610001957975,7.0,0.03334331201792287,0.0,160,160,160,160,160,160,160,160,160,160,160
DELETE,/booking/3593,1,0,163.1593000201974,163.1593000201974,163.1593000201974,163.1593000201974,7.0,0.03334331201792287,0.0,160,160,160,160,160,160,160,160,160,160,160
DELETE,/booking/3594,1,0,163.4255000099074,163.4255000099074,163.4255000099074,163.4255000099074,7.0,0.03334331201792287,0.0,160,160,160,160,160,160,160,160,160,160,160
DELETE,/booking/3595,1,0,162.84070000983775,162.84070000983775,162.84070000983775,162.84070000983775,7.0,0.03334331201792287,0.0,160,160,160,160,160,160,160,160,160,160,160
DELETE,/booking/3598,1,0,165.34549999050796,165.34549999050796,165.34549999050796,165.34549999050796,7.0,0.03334331201792287,0.0,170,170,170,170,170,170,170,170,170,170,170
DELETE,/booking/3599,1,0,165.6741999904625,165.6741999904625,165.6741999904625,165.6741999904625,7.0,0.03334331201792287,0.0,170,170,170,170,170,170,170,170,170,170,170
DELETE,/booking/3600,1,0,166.44850000739098,166.44850000739098,166.44850000739098,166.44850000739098,7.0,0.03334331201792287,0.0,170,170,170,170,170,170,170,170,170,170,170
DELETE,/booking/3601,1,0,163.4390999970492,163.4390999970492,163.4390999970492,163.4390999970492,7.0,0.03334331201792287,0.0,160,160,160,160,160,160,160,160,160,160,160
DELETE,/booking/3602,1,0,169.03620000812225,169.03620000812225,169.03620000812225,169.03620000812225,7.0,0.03334331201792287,0.0,170,170,170,170,170,170,170,170,170,170,170
DELETE,/booking/3603,1,0,173.13949999515899,173.13949999515899,173.13949999515899,173.13949999515899,7.0,0.03334331201792287,0.0,170,170,170,170,170,170,170,170,170,170,170
DELETE,/booking/3604,1,0,167.87119998480193,167.87119998480193,167.87119998480193,167.87119998480193,7.0,0.03334331201792287,0.0,170,170,170,170,170,170,170,170,170,170,170
DELETE,/booking/3605,1,0,175.76329997973517,175.76329997973517,175.76329997973517,175.76329997973517,7.0,0.03334331201792287,0.0,180,180,180,180,180,180,180,180,180,180,180
DELETE,/booking/3606,1,0,184.12959997658618,184.12959997658618,184.12959997658618,184.12959997658618,7.0,0.03334331201792287,0.0,180,180,180,180,180,180,180,180,180,180,180
DELETE,/booking/3607,1,0,176.92260001786053,176.92260001786053,176.92260001786053,176.92260001786053,7.0,0.03334331201792287,0.0,180,180,180,180,180,180,180,180,180,180,180
DELETE,/booking/3609,1,0,179.85839999164455,179.85839999164455,179.85839999164455,179.85839999164455,7.0,0.03334331201792287,0.0,180,180,180,180,180,180,180,180,180,180,180
DELETE,/booking/3610,1,0,180.72709999978542,180.72709999978542,180.72709999978542,180.72709999978542,7.0,0.03334331201792287,0.0,180,180,180,180,180,180,180,180,180,180,180
DELETE,/booking/3611,1,0,181.39730000984855,181.39730000984855,181.39730000984855,181.39730000984855,7.0,0.03334331201792287,0.0,180,180,180,180,180,180,180,180,180,180,180
DELETE,/booking/3612,1,0,179.18119998648763,179.18119998648763,179.18119998648763,179.18119998648763,7.0,0.03334331201792287,0.0,180,180,180,180,180,180,180,180,180,180,180
DELETE,/booking/3613,1,0,170.57879999629222,170.57879999629222,170.57879999629222,170.57879999629222,7.0,0.03334331201792287,0.0,170,170,170,170,170,170,170,170,170,170,170
DELETE,/booking/3614,1,0,172.0056000049226,172.0056000049226,172.0056000049226,172.0056000049226,7.0,0.03334331201792287,0.0,170,170,170,170,170,170,170,170,170,170,170
DELETE,/booking/3618,1,0,166.30859998986125,166.30859998986125,166.30859998986125,166.30859998986125,7.0,0.03334331201792287,0.0,170,170,170,170,170,170,170,170,170,170,170
DELETE,/booking/3619,1,0,177.12029998074286,177.12029998074286,177.12029998074286,177.12029998074286,7.0,0.03334331201792287,0.0,180,180,180,180,180,180,180,180,180,180,180
DELETE,/booking/3620,1,0,175.99109999719076,175.99109999719076,175.99109999719076,175.99109999719076,7.0,0.03334331201792287,0.0,180,180,180,180,180,180,180,180,180,180,180
DELETE,/booking/3621,1,0,161.4529000071343,161.4529000071343,161.4529000071343,161.4529000071343,7.0,0.03334331201792287,0.0,160,160,160,160,160,160,160,160,160,160,160
DELETE,/booking/3622,1,0,163.873399986187,163.873399986187,163.873399986187,163.873399986187,7.0,0.03334331201792287,0.0,160,160,160,160,160,160,160,160,160,160,160
DELETE,/booking/3623,1,0,165.57409998495132,165.57409998495132,165.57409998495132,165.57409998495132,7.0,0.03334331201792287,0.0,170,170,170,170,170,170,170,170,170,170,170
DELETE,/booking/3624,1,0,164.80800000135787,164.80800000135787,164.80800000135787,164.80800000135787,7.0,0.03334331201792287,0.0,160,160,160,160,160,160,160,160,160,160,160
DELETE,/booking/3625,1,0,167.32480001519434,167.32480001519434,167.32480001519434,167.32480001519434,7.0,0.03334331201792287,0.0,170,170,170,170,170,170,170,170,170,170,170
DELETE,/booking/3627,1,0,167.42089999024756,167.42089999024756,167.42089999024756,167.42089999024756,7.0,0.03334331201792287,0.0,170,170,170,170,170,170,170,170,170,170,170
DELETE,/booking/3628,1,0,167.35780000453815,167.35780000453815,167.35780000453815,167.35780000453815,7.0,0.03334331201792287,0.0,170,170,170,170,170,170,170,170,170,170,170
DELETE,/booking/3632,1,0,164.00730001623742,164.00730001623742,164.00730001623742,164.00730001623742,7.0,0.03334331201792287,0.0,160,160,160,160,160,160,160,160,160,160,160
DELETE,/booking/3633,1,0,169.89159997319803,169.89159997319803,169.89159997319803,169.89159997319803,7.0,0.03334331201792287,0.0,170,170,170,170,170,170,170,170,170,170,170
DELETE,/booking/3634,1,0,166.63699998753145,166.63699998753145,166.63699998753145,166.63699998753145,7.0,0.03334331201792287,0.0,170,170,170,170,170,170,170,170,170,170,170
DELETE,/booking/3635,1,0,167.97310000401922,167.97310000401922,167.97310000401922,167.97310000401922,7.0,0.03334331201792287,0.0,170,170,170,170,170,170,170,170,170,170,170
DELETE,/booking/3637,1,0,173.0366999981925,173.0366999981925,173.0366999981925,173.0366999981925,7.0,0.03334331201792287,0.0,170,170,170,170,170,170,170,170,170,170,170
DELETE,/booking/3638,1,0,162.4186999979429,162.4186999979429,162.4186999979429,162.4186999979429,7.0,0.03334331201792287,0.0,160,160,160,160,160,160,160,160,160,160,160
DELETE,/booking/3639,1,0,164.04540001531132,164.04540001531132,164.04540001531132,164.04540001531132,7.0,0.03334331201792287,0.0,160,160,160,160,160,160,160,160,160,160,160
DELETE,/booking/3640,1,0,169.34310001670383,169.34310001670383,169.34310001670383,169.34310001670383,7.0,0.03334331201792287,0.0,170,170,170,170,170,170,170,170,170,170,170
DELETE,/booking/3641,1,0,166.1074000003282,166.1074000003282,166.1074000003282,166.1074000003282,7.0,0.03334331201792287,0.0,170,170,170,170,170,170,170,170,170,170,170
DELETE,/booking/3642,1,0,165.17449999810196,165.17449999810196,165.17449999810196,165.17449999810196,7.0,0.03334331201792287,0.0,170,170,170,170,170,170,170,170,170,170,170
DELETE,/booking/3644,1,0,163.58769999351352,163.58769999351352,163.58769999351352,163.58769999351352,7.0,0.03334331201792287,0.0,160,160,160,160,160,160,160,160,160,160,160
DELETE,/booking/3646,1,0,165.2994000178296,165.2994000178296,165.2994000178296,165.2994000178296,7.0,0.03334331201792287,0.0,170,170,170,170,170,170,170,170,170,170,170
DELETE,/booking/3647,1,0,165.58270002133213,165.58270002133213,165.58270002133213,165.58270002133213,7.0,0.03334331201792287,0.0,170,170,170,170,170,170,170,170,170,170,170
DELETE,/booking/3648,1,0,199.15969998692162,199.15969998692162,199.15969998692162,199.15969998692162,7.0,0.03334331201792287,0.0,200,200,200,200,200,200,200,200,200,200,200
DELETE,/booking/3650,1,0,163.99279999313876,163.99279999313876,163.99279999313876,163.99279999313876,7.0,0.03334331201792287,0.0,160,160,160,160,160,160,160,160,160,160,160
DELETE,/booking/3651,1,0,166.80470001301728,166.80470001301728,166.80470001301728,166.80470001301728,7.0,0.03334331201792287,0.0,170,170,170,170,170,170,170,170,170,170,170
DELETE,/booking/3653,1,0,184.9233999964781,184.9233999964781,184.9233999964781,184.9233999964781,7.0,0.03334331201792287,0.0,180,180,180,180,180,180,180,180,180,180,180
DELETE,/booking/3654,1,0,164.24600000027567,164.24600000027567,164.24600000027567,164.24600000027567,7.0,0.03334331201792287,0.0,160,160,160,160,160,160,160,160,160,160,160
DELETE,/booking/3655,1,0,174.0762999979779,174.0762999979779,174.0762999979779,174.0762999979779,7.0,0.03334331201792287,0.0,170,170,170,170,170,170,170,170,170,170,170
DELETE,/booking/3656,1,0,174.24100000062026,174.24100000062026,174.24100000062026,174.24100000062026,7.0,0.03334331201792287,0.0,170,170,170,170,170,170,170,170,170,170,170
DELETE,/booking/3659,1,0,158.83339999709278,158.83339999709278,158.83339999709278,158.83339999709278,7.0,0.03334331201792287,0.0,160,160,160,160,160,160,160,160,160,160,160
DELETE,/booking/3661,1,0,162.0742000231985,162.0742000231985,162.0742000231985,162.0742000231985,7.0,0.03334331201792287,0.0,160,160,160,160,160,160,160,160,160,160,160
DELETE,/booking/3662,1,0,165.84910001256503,165.84910001256503,165.84910001256503,165.84910001256503,7.0,0.03334331201792287,0.0,170,170,170,170,170,170,170,170,170,170,170
DELETE,/booking/3663,1,0,167.22119998303242,167.22119998303242,167.22119998303242,167.22119998303242,7.0,0.03334331201792287,0.0,170,170,170,170,170,170,170,170,170,170,170
DELETE,/booking/3665,1,0,163.51760001271032,163.51760001271032,163.51760001271032,163.51760001271032,7.0,0.03334331201792287,0.0,160,160,160,160,160,160,160,160,160,160,160
DELETE,/booking/3666,1,0,165.6088999880012,165.6088999880012,165.6088999880012,165.6088999880012,7.0,0.03334331201792287,0.0,170,170,170,170,170,170,170,170,170,170,170
DELETE,/booking/3667,1,0,169.77809998206794,169.77809998206794,169.77809998206794,169.77809998206794,7.0,0.03334331201792287,0.0,170,170,170,170,170,170,170,170,170,170,170
DELETE,/booking/3668,1,0,176.7798000073526,176.7798000073526,176.7798000073526,176.7798000073526,7.0,0.03334331201792287,0.0,180,180,180,180,180,180,180,180,180,180,180
DELETE,/booking/3669,1,0,167.19979999470524,167.19979999470524,167.19979999470524,167.19979999470524,7.0,0.03334331201792287,0.0,170,170,170,170,170,170,170,170,170,170,170
DELETE,/booking/3670,1,0,168.31399998045526,168.31399998045526,168.31399998045526,168.31399998045526,7.0,0.03334331201792287,0.0,170,170,170,170,170,170,170,170,170,170,170
DELETE,/booking/3673,1,0,166.97810002369806,166.97810002369806,166.97810002369806,166.97810002369806,7.0,0.03334331201792287,0.0,170,170,170,170,170,170,170,170,170,170,170
DELETE,/booking/3676,1,0,162.88769998936914,162.88769998936914,162.88769998936914,162.88769998936914,7.0,0.03334331201792287,0.0,160,160,160,160,160,160,160,160,160,160,160
DELETE,/booking/3677,1,0,160.15799998422153,160.15799998422153,160.15799998422153,160.15799998422153,7.0,0.03334331201792287,0.0,160,160,160,160,160,160,160,160,160,160,160
DELETE,/booking/3680,1,0,168.69900000165217,168.69900000165217,168.69900000165217,168.69900000165217,7.0,0.03334331201792287,0.0,170,170,170,170,170,170,170,170,170,170,170
DELETE,/booking/3683,1,0,164.2135000147391,164.2135000147391,164.2135000147391,164.2135000147391,7.0,0.03334331201792287,0.0,160,160,160,160,160,160,160,160,160,160,160
DELETE,/booking/3684,1,0,168.28179999720305,168.28179999720305,168.28179999720305,168.28179999720305,7.0,0.03334331201792287,0.0,170,170,170,170,170,170,170,170,170,170,170
DELETE,/booking/3685,1,0,162.67469999729656,162.67469999729656,162.67469999729656,162.67469999729656,7.0,0.03334331201792287,0.0,160,160,160,160,160,160,160,160,160,160,160
DELETE,/booking/3686,1,0,171.9038000155706,171.9038000155706,171.9038000155706,171.9038000155706,7.0,0.03334331201792287,0.0,170,170,170,170,170,170,170,170,170,170,170
DELETE,/booking/3687,1,0,164.52650001156144,164.52650001156144,164.52650001156144,164.52650001156144,7.0,0.03334331201792287,0.0,160,160,160,160,160,160,160,160,160,160,160
DELETE,/booking/3688,1,0,163.65709999809042,163.65709999809042,163.65709999809042,163.65709999809042,7.0,0.03334331201792287,0.0,160,160,160,160,160,160,160,160,160,160,160
DELETE,/booking/3692,1,0,159.19610002310947,159.19610002310947,159.19610002310947,159.19610002310947,7.0,0.03334331201792287,0.0,160,160,160,160,160,160,160,160,160,160,160
DELETE,/booking/3695,1,0,206.34269999573007,206.34269999573007,206.34269999573007,206.34269999573007,7.0,0.03334331201792287,0.0,210,210,210,210,210,210,210,210,210,210,210
DELETE,/booking/3698,1,0,168.52830001153052,168.52830001153052,168.52830001153052,168.52830001153052,7.0,0.03334331201792287,0.0,170,170,170,170,170,170,170,170,170,170,170
DELETE,/booking/3700,1,0,162.17279998818412,162.17279998818412,162.17279998818412,162.17279998818412,7.0,0.03334331201792287,0.0,160,160,160,160,160,160,160,160,160,160,160
DELETE,/booking/3701,1,0,190.52480001118965,190.52480001118965,190.52480001118965,190.52480001118965,7.0,0.03334331201792287,0.0,190,190,190,190,190,190,190,190,190,190,190
DELETE,/booking/3704,1,0,164.25170001457445,164.25170001457445,164.25170001457445,164.25170001457445,7.0,0.03334331201792287,0.0,160,160,160,160,160,160,160,160,160,160,160
DELETE,/booking/3705,1,0,193.31339999916963,193.31339999916963,193.31339999916963,193.31339999916963,7.0,0.03334331201792287,0.0,190,190,190,190,190,190,190,190,190,190,190
DELETE,/booking/3706,1,0,165.99229999701492,165.99229999701492,165.99229999701492,165.99229999701492,7.0,0.03334331201792287,0.0,170,170,170,170,170,170,170,170,170,170,170
DELETE,/booking/3707,1,0,159.6296999778133,159.6296999778133,159.6296999778133,159.6296999778133,7.0,0.03334331201792287,0.0,160,160,160,160,160,160,160,160,160,160,160
DELETE,/booking/3708,1,0,162.29829998337664,162.29829998337664,162.29829998337664,162.29829998337664,7.0,0.03334331201792287,0.0,160,160,160,160,160,160,160,160,160,160,160
DELETE,/booking/3709,1,0,159.75550000439398,159.75550000439398,159.75550000439398,159.75550000439398,7.0,0.03334331201792287,0.0,160,160,160,160,160,160,160,160,160,160,160
DELETE,/booking/3713,1,0,165.0593999947887,165.0593999947887,165.0593999947887,165.0593999947887,7.0,0.03334331201792287,0.0,170,170,170,170,170,170,170,170,170,170,170
DELETE,/booking/3714,1,0,172.28550001163967,172.28550001163967,172.28550001163967,172.28550001163967,7.0,0.03334331201792287,0.0,170,170,170,170,170,170,170,170,170,170,170
DELETE,/booking/3716,1,0,174.47499997797422,174.47499997797422,174.47499997797422,174.47499997797422,7.0,0.03334331201792287,0.0,170,170,170,170,170,170,170,170,170,170,170
DELETE,/booking/3717,1,0,172.42679998162203,172.42679998162203,172.42679998162203,172.42679998162203,7.0,0.03334331201792287,0.0,170,170,170,170,170,170,170,170,170,170,170
DELETE,/booking/3718,1,0,170.61469997861423,170.61469997861423,170.61469997861423,170.61469997861423,7.0,0.03334331201792287,0.0,170,170,170,170,170,170,170,170,170,170,170
DELETE,/booking/3719,1,0,165.0826999975834,165.0826999975834,165.0826999975834,165.0826999975834,7.0,0.03334331201792287,0.0,170,170,170,170,170,170,170,170,170,170,170
DELETE,/booking/3720,1,0,162.86549999495037,162.86549999495037,162.86549999495037,162.86549999495037,7.0,0.03334331201792287,0.0,160,160,160,160,160,160,160,160,160,160,160
DELETE,/booking/3721,1,0,168.8072000106331,168.8072000106331,168.8072000106331,168.8072000106331,7.0,0.03334331201792287,0.0,170,170,170,170,170,170,170,170,170,170,170
DELETE,/booking/3722,1,0,164.90730000077747,164.90730000077747,164.90730000077747,164.90730000077747,7.0,0.03334331201792287,0.0,160,160,160,160,160,160,160,160,160,160,160
DELETE,/booking/3725,1,0,203.11370000126772,203.11370000126772,203.11370000126772,203.11370000126772,7.0,0.03334331201792287,0.0,200,200,200,200,200,200,200,200,200,200,200
DELETE,/booking/3727,1,0,191.04639999568462,191.04639999568462,191.04639999568462,191.04639999568462,7.0,0.03334331201792287,0.0,190,190,190,190,190,190,190,190,190,190,190
DELETE,/booking/3729,1,0,163.5859999805689,163.5859999805689,163.5859999805689,163.5859999805689,7.0,0.03334331201792287,0.0,160,160,160,160,160,160,160,160,160,160,160
DELETE,/booking/3730,1,0,163.1751999957487,163.1751999957487,163.1751999957487,163.1751999957487,7.0,0.03334331201792287,0.0,160,160,160,160,160,160,160,160,160,160,160
DELETE,/booking/3731,1,0,162.34089998761192,162.34089998761192,162.34089998761192,162.34089998761192,7.0,0.03334331201792287,0.0,160,160,160,160,160,160,160,160,160,160,160
DELETE,/booking/3732,1,0,161.81230000802316,161.81230000802316,161.81230000802316,161.81230000802316,7.0,0.03334331201792287,0.0,160,160,160,160,160,160,160,160,160,160,160
DELETE,/booking/3733,1,0,163.0392000079155,163.0392000079155,163.0392000079155,163.0392000079155,7.0,0.03334331201792287,0.0,160,160,160,160,160,160,160,160,160,160,160
DELETE,/booking/3734,1,0,164.47299998253584,164.47299998253584,164.47299998253584,164.47299998253584,7.0,0.03334331201792287,0.0,160,160,160,160,160,160,160,160,160,160,160
DELETE,/booking/3735,1,0,163.68140000849962,163.68140000849962,163.68140000849962,163.68140000849962,7.0,0.03334331201792287,0.0,160,160,160,160,160,160,160,160,160,160,160
DELETE,/booking/3736,1,0,165.43049999745563,165.43049999745563,165.43049999745563,165.43049999745563,7.0,0.03334331201792287,0.0,170,170,170,170,170,170,170,170,170,170,170
DELETE,/booking/3739,1,0,169.90089998580515,169.90089998580515,169.90089998580515,169.90089998580515,7.0,0.03334331201792287,0.0,170,170,170,170,170,170,170,170,170,170,170
DELETE,/booking/3740,1,0,162.87800000282004,162.87800000282004,162.87800000282004,162.87800000282004,7.0,0.03334331201792287,0.0,160,160,160,160,160,160,160,160,160,160,160
DELETE,/booking/3742,1,0,197.20870000310242,197.20870000310242,197.20870000310242,197.20870000310242,7.0,0.03334331201792287,0.0,200,200,200,200,200,200,200,200,200,200,200
DELETE,/booking/3743,1,0,168.95230000955053,168.95230000955053,168.95230000955053,168.95230000955053,7.0,0.03334331201792287,0.0,170,170,170,170,170,170,170,170,170,170,170
DELETE,/booking/3744,1,0,161.88509998028167,161.88509998028167,161.88509998028167,161.88509998028167,7.0,0.03334331201792287,0.0,160,160,160,160,160,160,160,160,160,160,160
DELETE,/booking/3745,1,0,161.2314999802038,161.2314999802038,161.2314999802038,161.2314999802038,7.0,0.03334331201792287,0.0,160,160,160,160,160,160,160,160,160,160,160
DELETE,/booking/3746,1,0,199.38549998914823,199.38549998914823,199.38549998914823,199.38549998914823,7.0,0.03334331201792287,0.0,200,200,200,200,200,200,200,200,200,200,200
DELETE,/booking/3747,1,0,169.29390002042055,169.29390002042055,169.29390002042055,169.29390002042055,7.0,0.03334331201792287,0.0,170,170,170,170,170,170,170,170,170,170,170
DELETE,/booking/3748,1,0,170.75930000282824,170.75930000282824,170.75930000282824,170.75930000282824,7.0,0.03334331201792287,0.0,170,170,170,170,170,170,170,170,170,170,170
DELETE,/booking/3749,1,0,170.36960000405088,170.36960000405088,170.36960000405088,170.36960000405088,7.0,0.03334331201792287,0.0,170,170,170,170,170,170,170,170,170,170,170
DELETE,/booking/3751,1,0,166.81120000430383,166.81120000430383,166.81120000430383,166.81120000430383,7.0,0.03334331201792287,0.0,170,170,170,170,170,170,170,170,170,170,170
DELETE,/booking/3752,1,0,163.84899997501634,163.84899997501634,163.84899997501634,163.84899997501634,7.0,0.03334331201792287,0.0,160,160,160,160,160,160,160,160,160,160,160
DELETE,/booking/3754,1,0,164.93989998707548,164.93989998707548,164.93989998707548,164.93989998707548,7.0,0.03334331201792287,0.0,160,160,160,160,160,160,160,160,160,160,160
DELETE,/booking/3755,1,0,165.79020000062883,165.79020000062883,165.79020000062883,165.79020000062883,7.0,0.03334331201792287,0.0,170,170,170,170,170,170,170,170,170,170,170
DELETE,/booking/3756,1,0,162.8171000047587,162.8171000047587,162.8171000047587,162.8171000047587,7.0,0.03334331201792287,0.0,160,160,160,160,160,160,160,160,160,160,160
DELETE,/booking/3757,1,0,161.67050000512972,161.67050000512972,161.67050000512972,161.67050000512972,7.0,0.03334331201792287,0.0,160,160,160,160,160,160,160,160,160,160,160
DELETE,/booking/3758,1,0,167.26139999809675,167.26139999809675,167.26139999809675,167.26139999809675,7.0,0.03334331201792287,0.0,170,170,170,170,170,170,170,170,170,170,170
DELETE,/booking/3759,1,0,171.6549999837298,171.6549999837298,171.6549999837298,171.6549999837298,7.0,0.03334331201792287,0.0,170,170,170,170,170,170,170,170,170,170,170
DELETE,/booking/3760,1,0,171.5511000074912,171.5511000074912,171.5511000074912,171.5511000074912,7.0,0.03334331201792287,0.0,170,170,170,170,170,170,170,170,170,170,170
DELETE,/booking/3762,1,0,163.46660000272095,163.46660000272095,163.46660000272095,163.46660000272095,7.0,0.03334331201792287,0.0,160,160,160,160,160,160,160,160,160,160,160
DELETE,/booking/3765,1,0,184.64510000194423,184.64510000194423,184.64510000194423,184.64510000194423,7.0,0.03334331201792287,0.0,180,180,180,180,180,180,180,180,180,180,180
DELETE,/booking/3766,1,0,187.7297000028193,187.7297000028193,187.7297000028193,187.7297000028193,7.0,0.03334331201792287,0.0,190,190,190,190,190,190,190,190,190,190,190
DELETE,/booking/3768,1,0,163.10609999345616,163.10609999345616,163.10609999345616,163.10609999345616,7.0,0.03334331201792287,0.0,160,160,160,160,160,160,160,160,160,160,160
DELETE,/booking/3769,1,0,164.46790000190958,164.46790000190958,164.46790000190958,164.46790000190958,7.0,0.03334331201792287,0.0,160,160,160,160,160,160,160,160,160,160,160
DELETE,/booking/3770,1,0,158.8943999959156,158.8943999959156,158.8943999959156,158.8943999959156,7.0,0.03334331201792287,0.0,160,160,160,160,160,160,160,160,160,160,160
DELETE,/booking/3771,1,0,163.8708999962546,163.8708999962546,163.8708999962546,163.8708999962546,7.0,0.03334331201792287,0.0,160,160,160,160,160,160,160,160,160,160,160
DELETE,/booking/3772,1,0,161.36250001727603,161.36250001727603,161.36250001727603,161.36250001727603,7.0,0.03334331201792287,0.0,160,160,160,160,160,160,160,160,160,160,160
DELETE,/booking/3774,1,0,160.84150000824593,160.84150000824593,160.84150000824593,160.84150000824593,7.0,0.03334331201792287,0.0,160,160,160,160,160,160,160,160,160,160,160
DELETE,/booking/3775,1,0,168.69349998887628,168.69349998887628,168.69349998887628,168.69349998887628,7.0,0.03334331201792287,0.0,170,170,170,170,170,170,170,170,170,170,170
DELETE,/booking/3776,1,0,167.23190000629984,167.23190000629984,167.23190000629984,167.23190000629984,7.0,0.03334331201792287,0.0,170,170,170,170,170,170,170,170,170,170,170
DELETE,/booking/3781,1,0,180.8487999951467,180.8487999951467,180.8487999951467,180.8487999951467,7.0,0.03334331201792287,0.0,180,180,180,180,180,180,180,180,180,180,180
DELETE,/booking/3782,1,0,169.92970000137575,169.92970000137575,169.92970000137575,169.92970000137575,7.0,0.03334331201792287,0.0,170,170,170,170,170,170,170,170,170,170,170
DELETE,/booking/3785,1,0,188.40679997811094,188.40679997811094,188.40679997811094,188.40679997811094,7.0,0.03334331201792287,0.0,190,190,190,190,190,190,190,190,190,190,190
DELETE,/booking/3786,1,0,185.2530000032857,185.2530000032857,185.2530000032857,185.2530000032857,7.0,0.03334331201792287,0.0,190,190,190,190,190,190,190,190,190,190,190
DELETE,/booking/3788,1,0,247.2896999970544,247.2896999970544,247.2896999970544,247.2896999970544,7.0,0.03334331201792287,0.0,250,250,250,250,250,250,250,250,250,250,250
DELETE,/booking/3789,1,0,189.01060000644065,189.01060000644065,189.01060000644065,189.01060000644065,7.0,0.03334331201792287,0.0,190,190,190,190,190,190,190,190,190,190,190
DELETE,/booking/3790,1,0,245.44629998854361,245.44629998854361,245.44629998854361,245.44629998854361,7.0,0.03334331201792287,0.0,250,250,250,250,250,250,250,250,250,250,250
DELETE,/booking/3791,1,0,189.2202000017278,189.2202000017278,189.2202000017278,189.2202000017278,7.0,0.03334331201792287,0.0,190,190,190,190,190,190,190,190,190,190,190
DELETE,/booking/3792,1,0,186.10570000601,186.10570000601,186.10570000601,186.10570000601,7.0,0.03334331201792287,0.0,190,190,190,190,190,190,190,190,190,190,190
DELETE,/booking/3793,1,0,178.397000010591,178.397000010591,178.397000010591,178.397000010591,7.0,0.03334331201792287,0.0,180,180,180,180,180,180,180,180,180,180,180
DELETE,/booking/3798,1,0,164.09349997411482,164.09349997411482,164.09349997411482,164.09349997411482,7.0,0.03334331201792287,0.0,160,160,160,160,160,160,160,160,160,160,160
DELETE,/booking/3800,1,0,163.15800001029857,163.15800001029857,163.15800001029857,163.15800001029857,7.0,0.03334331201792287,0.0,160,160,160,160,160,160,160,160,160,160,160
DELETE,/booking/3802,1,0,163.65709999809042,163.65709999809042,163.65709999809042,163.65709999809042,7.0,0.03334331201792287,0.0,160,160,160,160,160,160,160,160,160,160,160
DELETE,/booking/3803,1,0,167.21859999233857,167.21859999233857,167.21859999233857,167.21859999233857,7.0,0.03334331201792287,0.0,170,170,170,170,170,170,170,170,170,170,170
DELETE,/booking/3804,1,0,165.5998000060208,165.5998000060208,165.5998000060208,165.5998000060208,7.0,0.03334331201792287,0.0,170,170,170,170,170,170,170,170,170,170,170
DELETE,/booking/3805,1,0,164.30240002227947,164.30240002227947,164.30240002227947,164.30240002227947,7.0,0.03334331201792287,0.0,160,160,160,160,160,160,160,160,160,160,160
DELETE,/booking/3806,1,0,164.44359999150038,164.44359999150038,164.44359999150038,164.44359999150038,7.0,0.03334331201792287,0.0,160,160,160,160,160,160,160,160,160,160,160
DELETE,/booking/3807,1,0,165.03659999580123,165.03659999580123,165.03659999580123,165.03659999580123,7.0,0.03334331201792287,0.0,170,170,170,170,170,170,170,170,170,170,170
DELETE,/booking/3809,1,0,174.10020000534132,174.10020000534132,174.10020000534132,174.10020000534132,7.0,0.03334331201792287,0.0,170,170,170,170,170,170,170,170,170,170,170
DELETE,/booking/3810,1,0,171.92200000863522,171.92200000863522,171.92200000863522,171.92200000863522,7.0,0.03334331201792287,0.0,170,170,170,170,170,170,170,170,170,170,170
DELETE,/booking/3813,1,0,164.54879997763783,164.54879997763783,164.54879997763783,164.54879997763783,7.0,0.03334331201792287,0.0,160,160,160,160,160,160,160,160,160,160,160
DELETE,/booking/3814,1,0,174.75080001167953,174.75080001167953,174.75080001167953,174.75080001167953,7.0,0.03334331201792287,0.0,170,170,170,170,170,170,170,170,170,170,170
DELETE,/booking/3815,1,0,163.84699998889118,163.84699998889118,163.84699998889118,163.84699998889118,7.0,0.03334331201792287,0.0,160,160,160,160,160,160,160,160,160,160,160
DELETE,/booking/3817,1,0,167.59630001615733,167.59630001615733,167.59630001615733,167.59630001615733,7.0,0.03334331201792287,0.0,170,170,170,170,170,170,170,170,170,170,170
DELETE,/booking/3819,1,0,163.36770000634715,163.36770000634715,163.36770000634715,163.36770000634715,7.0,0.03334331201792287,0.0,160,160,160,160,160,160,160,160,160,160,160
DELETE,/booking/3820,1,0,163.0146999959834,163.0146999959834,163.0146999959834,163.0146999959834,7.0,0.03334331201792287,0.0,160,160,160,160,160,160,160,160,160,160,160
DELETE,/booking/3821,1,0,167.68579999916255,167.68579999916255,167.68579999916255,167.68579999916255,7.0,0.03334331201792287,0.0,170,170,170,170,170,170,170,170,170,170,170
DELETE,/booking/3822,1,0,161.29700001329184,161.29700001329184,161.29700001329184,161.29700001329184,7.0,0.03334331201792287,0.0,160,160,160,160,160,160,160,160,160,160,160
DELETE,/booking/3823,1,0,169.91419999976642,169.91419999976642,169.91419999976642,169.91419999976642,7.0,0.03334331201792287,0.0,170,170,170,170,170,170,170,170,170,170,170
DELETE,/booking/3824,1,0,164.48310000123456,164.48310000123456,164.48310000123456,164.48310000123456,7.0,0.03334331201792287,0.0,160,160,160,160,160,160,160,160,160,160,160
DELETE,/booking/3826,1,0,168.26760000549257,168.26760000549257,168.26760000549257,168.26760000549257,7.0,0.03334331201792287,0.0,170,170,170,170,170,170,170,170,170,170,170
DELETE,/booking/3827,1,0,167.90000000037253,167.90000000037253,167.90000000037253,167.90000000037253,7.0,0.03334331201792287,0.0,170,170,170,170,170,170,170,170,170,170,170
DELETE,/booking/3828,1,0,164.93300002184696,164.93300002184696,164.93300002184696,164.93300002184696,7.0,0.03334331201792287,0.0,160,160,160,160,160,160,160,160,160,160,160
DELETE,/booking/3829,1,0,163.9638000051491,163.9638000051491,163.9638000051491,163.9638000051491,7.0,0.03334331201792287,0.0,160,160,160,160,160,160,160,160,160,160,160
DELETE,/booking/3832,1,0,174.89709999063052,174.89709999063052,174.89709999063052,174.89709999063052,7.0,0.03334331201792287,0.0,170,170,170,170,170,170,170,170,170,170,170
DELETE,/booking/3833,1,0,170.53390000364743,170.53390000364743,170.53390000364743,170.53390000364743,7.0,0.03334331201792287,0.0,170,170,170,170,170,170,170,170,170,170,170
DELETE,/booking/3834,1,0,170.97520001698285,170.97520001698285,170.97520001698285,170.97520001698285,7.0,0.03334331201792287,0.0,170,170,170,170,170,170,170,170,170,170,170
DELETE,/booking/3835,1,0,175.82959998981096,175.82959998981096,175.82959998981096,175.82959998981096,7.0,0.03334331201792287,0.0,180,180,180,180,180,180,180,180,180,180,180
DELETE,/booking/3836,1,0,166.02120001334697,166.02120001334697,166.02120001334697,166.02120001334697,7.0,0.03334331201792287,0.0,170,170,170,170,170,170,170,170,170,170,170
DELETE,/booking/3837,1,0,163.25769998366013,163.25769998366013,163.25769998366013,163.25769998366013,7.0,0.03334331201792287,0.0,160,160,160,160,160,160,160,160,160,160,160
DELETE,/booking/3841,1,0,171.5484999876935,171.5484999876935,171.5484999876935,171.5484999876935,7.0,0.03334331201792287,0.0,170,170,170,170,170,170,170,170,170,170,170
DELETE,/booking/3843,1,0,167.85779999918304,167.85779999918304,167.85779999918304,167.85779999918304,7.0,0.03334331201792287,0.0,170,170,170,170,170,170,170,170,170,170,170
DELETE,/booking/3844,1,0,168.43119999975897,168.43119999975897,168.43119999975897,168.43119999975897,7.0,0.03334331201792287,0.0,170,170,170,170,170,170,170,170,170,170,170
DELETE,/booking/3845,1,0,202.53839998622425,202.53839998622425,202.53839998622425,202.53839998622425,7.0,0.03334331201792287,0.0,200,200,200,200,200,200,200,200,200,200,200
DELETE,/booking/3846,1,0,169.95059998589568,169.95059998589568,169.95059998589568,169.95059998589568,7.0,0.03334331201792287,0.0,170,170,170,170,170,170,170,170,170,170,170
DELETE,/booking/3847,1,0,162.18600000138395,162.18600000138395,162.18600000138395,162.18600000138395,7.0,0.03334331201792287,0.0,160,160,160,160,160,160,160,160,160,160,160
DELETE,/booking/3848,1,0,161.9652999797836,161.9652999797836,161.9652999797836,161.9652999797836,7.0,0.03334331201792287,0.0,160,160,160,160,160,160,160,160,160,160,160
DELETE,/booking/3849,1,0,164.75330002140254,164.75330002140254,164.75330002140254,164.75330002140254,7.0,0.03334331201792287,0.0,160,160,160,160,160,160,160,160,160,160,160
DELETE,/booking/3851,1,0,162.7190999861341,162.7190999861341,162.7190999861341,162.7190999861341,7.0,0.03334331201792287,0.0,160,160,160,160,160,160,160,160,160,160,160
DELETE,/booking/3852,1,0,160.96949999337085,160.96949999337085,160.96949999337085,160.96949999337085,7.0,0.03334331201792287,0.0,160,160,160,160,160,160,160,160,160,160,160
DELETE,/booking/3855,1,0,166.05749999871477,166.05749999871477,166.05749999871477,166.05749999871477,7.0,0.03334331201792287,0.0,170,170,170,170,170,170,170,170,170,170,170
DELETE,/booking/3856,1,0,160.4319000034593,160.4319000034593,160.4319000034593,160.4319000034593,7.0,0.03334331201792287,0.0,160,160,160,160,160,160,160,160,160,160,160
DELETE,/booking/3857,1,0,160.93939999700524,160.93939999700524,160.93939999700524,160.93939999700524,7.0,0.03334331201792287,0.0,160,160,160,160,160,160,160,160,160,160,160
DELETE,/booking/3858,1,0,174.72440001438372,174.72440001438372,174.72440001438372,174.72440001438372,7.0,0.03334331201792287,0.0,170,170,170,170,170,170,170,170,170,170,170
DELETE,/booking/3861,1,0,160.78959999140352,160.78959999140352,160.78959999140352,160.78959999140352,7.0,0.03334331201792287,0.0,160,160,160,160,160,160,160,160,160,160,160
DELETE,/booking/3862,1,0,161.36749999714084,161.36749999714084,161.36749999714084,161.36749999714084,7.0,0.03334331201792287,0.0,160,160,160,160,160,160,160,160,160,160,160
DELETE,/booking/3863,1,0,163.2538999838289,163.2538999838289,163.2538999838289,163.2538999838289,7.0,0.03334331201792287,0.0,160,160,160,160,160,160,160,160,160,160,160
DELETE,/booking/3864,1,0,165.30860000057146,165.30860000057146,165.30860000057146,165.30860000057146,7.0,0.03334331201792287,0.0,170,170,170,170,170,170,170,170,170,170,170
DELETE,/booking/3865,1,0,169.81920000398532,169.81920000398532,169.81920000398532,169.81920000398532,7.0,0.03334331201792287,0.0,170,170,170,170,170,170,170,170,170,170,170
DELETE,/booking/3866,1,0,167.15570000815205,167.15570000815205,167.15570000815205,167.15570000815205,7.0,0.03334331201792287,0.0,170,170,170,170,170,170,170,170,170,170,170
DELETE,/booking/3868,1,0,170.20229998161085,170.20229998161085,170.20229998161085,170.20229998161085,7.0,0.03334331201792287,0.0,170,170,170,170,170,170,170,170,170,170,170
DELETE,/booking/3869,1,0,169.58380001597106,169.58380001597106,169.58380001597106,169.58380001597106,7.0,0.03334331201792287,0.0,170,170,170,170,170,170,170,170,170,170,170
DELETE,/booking/3870,1,0,160.75479998835362,160.75479998835362,160.75479998835362,160.75479998835362,7.0,0.03334331201792287,0.0,160,160,160,160,160,160,160,160,160,160,160
DELETE,/booking/3871,1,0,160.77260000747629,160.77260000747629,160.77260000747629,160.77260000747629,7.0,0.03334331201792287,0.0,160,160,160,160,160,160,160,160,160,160,160
DELETE,/booking/3872,1,0,162.32659999514,162.32659999514,162.32659999514,162.32659999514,7.0,0.03334331201792287,0.0,160,160,160,160,160,160,160,160,160,160,160
DELETE,/booking/3873,1,0,160.4464999982156,160.4464999982156,160.4464999982156,160.4464999982156,7.0,0.03334331201792287,0.0,160,160,160,160,160,160,160,160,160,160,160
DELETE,/booking/3874,1,0,161.2685000000056,161.2685000000056,161.2685000000056,161.2685000000056,7.0,0.03334331201792287,0.0,160,160,160,160,160,160,160,160,160,160,160
DELETE,/booking/3876,1,0,163.08900000876747,163.08900000876747,163.08900000876747,163.08900000876747,7.0,0.03334331201792287,0.0,160,160,160,160,160,160,160,160,160,160,160
DELETE,/booking/3877,1,0,184.27470000460744,184.27470000460744,184.27470000460744,184.27470000460744,7.0,0.03334331201792287,0.0,180,180,180,180,180,180,180,180,180,180,180
DELETE,/booking/3878,1,0,185.3666999959387,185.3666999959387,185.3666999959387,185.3666999959387,7.0,0.03334331201792287,0.0,190,190,190,190,190,190,190,190,190,190,190
DELETE,/booking/3880,1,0,162.7944999781903,162.7944999781903,162.7944999781903,162.7944999781903,7.0,0.03334331201792287,0.0,160,160,160,160,160,160,160,160,160,160,160
DELETE,/booking/3881,1,0,180.05860000266694,180.05860000266694,180.05860000266694,180.05860000266694,7.0,0.03334331201792287,0.0,180,180,180,180,180,180,180,180,180,180,180
DELETE,/booking/3882,1,0,173.18079998949543,173.18079998949543,173.18079998949543,173.18079998949543,7.0,0.03334331201792287,0.0,170,170,170,170,170,170,170,170,170,170,170
DELETE,/booking/3883,1,0,162.342700001318,162.342700001318,162.342700001318,162.342700001318,7.0,0.03334331201792287,0.0,160,160,160,160,160,160,160,160,160,160,160
DELETE,/booking/3885,1,0,161.5835000120569,161.5835000120569,161.5835000120569,161.5835000120569,7.0,0.03334331201792287,0.0,160,160,160,160,160,160,160,160,160,160,160
DELETE,/booking/3886,1,0,161.5938000031747,161.5938000031747,161.5938000031747,161.5938000031747,7.0,0.03334331201792287,0.0,160,160,160,160,160,160,160,160,160,160,160
DELETE,/booking/3887,1,0,167.92989999521524,167.92989999521524,167.92989999521524,167.92989999521524,7.0,0.03334331201792287,0.0,170,170,170,170,170,170,170,170,170,170,170
DELETE,/booking/3888,1,0,162.1240999957081,162.1240999957081,162.1240999957081,162.1240999957081,7.0,0.03334331201792287,0.0,160,160,160,160,160,160,160,160,160,160,160
DELETE,/booking/3889,1,0,171.62729997653514,171.62729997653514,171.62729997653514,171.62729997653514,7.0,0.03334331201792287,0.0,170,170,170,170,170,170,170,170,170,170,170
DELETE,/booking/3890,1,0,172.67739999806508,172.67739999806508,172.67739999806508,172.67739999806508,7.0,0.03334331201792287,0.0,170,170,170,170,170,170,170,170,170,170,170
DELETE,/booking/3891,1,0,163.42060000170022,163.42060000170022,163.42060000170022,163.42060000170022,7.0,0.03334331201792287,0.0,160,160,160,160,160,160,160,160,160,160,160
DELETE,/booking/3893,1,0,174.67999999644235,174.67999999644235,174.67999999644235,174.67999999644235,7.0,0.03334331201792287,0.0,170,170,170,170,170,170,170,170,170,170,170
DELETE,/booking/3894,1,0,173.69690001942217,173.69690001942217,173.69690001942217,173.69690001942217,7.0,0.03334331201792287,0.0,170,170,170,170,170,170,170,170,170,170,170
DELETE,/booking/3895,1,0,160.94699999666773,160.94699999666773,160.94699999666773,160.94699999666773,7.0,0.03334331201792287,0.0,160,160,160,160,160,160,160,160,160,160,160
DELETE,/booking/3896,1,0,165.48820000025444,165.48820000025444,165.48820000025444,165.48820000025444,7.0,0.03334331201792287,0.0,170,170,170,170,170,170,170,170,170,170,170
DELETE,/booking/3897,1,0,162.88359998725355,162.88359998725355,162.88359998725355,162.88359998725355,7.0,0.03334331201792287,0.0,160,160,160,160,160,160,160,160,160,160,160
DELETE,/booking/3898,1,0,166.94249998545274,166.94249998545274,166.94249998545274,166.94249998545274,7.0,0.03334331201792287,0.0,170,170,170,170,170,170,170,170,170,170,170
DELETE,/booking/3899,1,0,167.31479999725707,167.31479999725707,167.31479999725707,167.31479999725707,7.0,0.03334331201792287,0.0,170,170,170,170,170,170,170,170,170,170,170
DELETE,/booking/3901,1,0,183.0719000136014,183.0719000136014,183.0719000136014,183.0719000136014,7.0,0.03334331201792287,0.0,180,180,180,180,180,180,180,180,180,180,180
DELETE,/booking/3902,1,0,182.5910999905318,182.5910999905318,182.5910999905318,182.5910999905318,7.0,0.03334331201792287,0.0,180,180,180,180,180,180,180,180,180,180,180
DELETE,/booking/3904,1,0,162.66779997386038,162.66779997386038,162.66779997386038,162.66779997386038,7.0,0.03334331201792287,0.0,160,160,160,160,160,160,160,160,160,160,160
DELETE,/booking/3905,1,0,159.8758999898564,159.8758999898564,159.8758999898564,159.8758999898564,7.0,0.03334331201792287,0.0,160,160,160,160,160,160,160,160,160,160,160
DELETE,/booking/3906,1,0,159.62339998804964,159.62339998804964,159.62339998804964,159.62339998804964,7.0,0.03334331201792287,0.0,160,160,160,160,160,160,160,160,160,160,160
DELETE,/booking/3907,1,0,160.24350002408028,160.24350002408028,160.24350002408028,160.24350002408028,7.0,0.03334331201792287,0.0,160,160,160,160,160,160,160,160,160,160,160
DELETE,/booking/3908,1,0,164.15129997767508,164.15129997767508,164.15129997767508,164.15129997767508,7.0,0.03334331201792287,0.0,160,160,160,160,160,160,160,160,160,160,160
DELETE,/booking/3909,1,0,168.13679999904707,168.13679999904707,168.13679999904707,168.13679999904707,7.0,0.03334331201792287,0.0,170,170,170,170,170,170,170,170,170,170,170
DELETE,/booking/3911,1,0,162.9654999997001,162.9654999997001,162.9654999997001,162.9654999997001,7.0,0.03334331201792287,0.0,160,160,160,160,160,160,160,160,160,160,160
DELETE,/booking/3913,1,0,165.34409997984767,165.34409997984767,165.34409997984767,165.34409997984767,7.0,0.03334331201792287,0.0,170,170,170,170,170,170,170,170,170,170,170
DELETE,/booking/3915,1,0,231.24160000588745,231.24160000588745,231.24160000588745,231.24160000588745,7.0,0.03334331201792287,0.0,230,230,230,230,230,230,230,230,230,230,230
DELETE,/booking/3916,1,0,230.76080001192167,230.76080001192167,230.76080001192167,230.76080001192167,7.0,0.03334331201792287,0.0,230,230,230,230,230,230,230,230,230,230,230
DELETE,/booking/3918,1,0,167.50730000785552,167.50730000785552,167.50730000785552,167.50730000785552,7.0,0.03334331201792287,0.0,170,170,170,170,170,170,170,170,170,170,170
DELETE,/booking/3920,1,0,193.13609998789616,193.13609998789616,193.13609998789616,193.13609998789616,7.0,0.03334331201792287,0.0,190,190,190,190,190,190,190,190,190,190,190
DELETE,/booking/3921,1,0,190.81730002653785,190.81730002653785,190.81730002653785,190.81730002653785,7.0,0.03334331201792287,0.0,190,190,190,190,190,190,190,190,190,190,190
DELETE,/booking/3922,1,0,194.56440000794828,194.56440000794828,194.56440000794828,194.56440000794828,7.0,0.03334331201792287,0.0,190,190,190,190,190,190,190,190,190,190,190
DELETE,/booking/3923,1,0,199.63869999628514,199.63869999628514,199.63869999628514,199.63869999628514,7.0,0.03334331201792287,0.0,200,200,200,200,200,200,200,200,200,200,200
DELETE,/booking/3925,1,0,198.5986000217963,198.5986000217963,198.5986000217963,198.5986000217963,7.0,0.03334331201792287,0.0,200,200,200,200,200,200,200,200,200,200,200
DELETE,/booking/3927,1,0,172.48119998839684,172.48119998839684,172.48119998839684,172.48119998839684,7.0,0.03334331201792287,0.0,170,170,170,170,170,170,170,170,170,170,170
DELETE,/booking/3929,1,0,195.4355000052601,195.4355000052601,195.4355000052601,195.4355000052601,7.0,0.03334331201792287,0.0,200,200,200,200,200,200,200,200,200,200,200
DELETE,/booking/3931,1,0,201.44649999565445,201.44649999565445,201.44649999565445,201.44649999565445,7.0,0.03334331201792287,0.0,200,200,200,200,200,200,200,200,200,200,200
DELETE,/booking/3932,1,0,187.05259999842383,187.05259999842383,187.05259999842383,187.05259999842383,7.0,0.03334331201792287,0.0,190,190,190,190,190,190,190,190,190,190,190
DELETE,/booking/3935,1,0,174.14769998867996,174.14769998867996,174.14769998867996,174.14769998867996,7.0,0.03334331201792287,0.0,170,170,170,170,170,170,170,170,170,170,170
DELETE,/booking/3936,1,0,180.40759998257272,180.40759998257272,180.40759998257272,180.40759998257272,7.0,0.03334331201792287,0.0,180,180,180,180,180,180,180,180,180,180,180
DELETE,/booking/3937,1,0,488.7739999976475,488.7739999976475,488.7739999976475,488.7739999976475,7.0,0.03334331201792287,0.0,490,490,490,490,490,490,490,490,490,490,490
DELETE,/booking/3938,1,0,194.13399999029934,194.13399999029934,194.13399999029934,194.13399999029934,7.0,0.03334331201792287,0.0,190,190,190,190,190,190,190,190,190,190,190
DELETE,/booking/3939,1,0,185.89199997950345,185.89199997950345,185.89199997950345,185.89199997950345,7.0,0.03334331201792287,0.0,190,190,190,190,190,190,190,190,190,190,190
DELETE,/booking/3941,1,0,190.7643000013195,190.7643000013195,190.7643000013195,190.7643000013195,7.0,0.03334331201792287,0.0,190,190,190,190,190,190,190,190,190,190,190
DELETE,/booking/3943,1,0,193.62809997983277,193.62809997983277,193.62809997983277,193.62809997983277,7.0,0.03334331201792287,0.0,190,190,190,190,190,190,190,190,190,190,190
DELETE,/booking/3946,1,0,195.6149000034202,195.6149000034202,195.6149000034202,195.6149000034202,7.0,0.03334331201792287,0.0,200,200,200,200,200,200,200,200,200,200,200
DELETE,/booking/3950,1,0,181.51210001087748,181.51210001087748,181.51210001087748,181.51210001087748,7.0,0.03334331201792287,0.0,180,180,180,180,180,180,180,180,180,180,180
DELETE,/booking/3951,1,0,199.8328999907244,199.8328999907244,199.8328999907244,199.8328999907244,7.0,0.03334331201792287,0.0,200,200,200,200,200,200,200,200,200,200,200
DELETE,/booking/3952,1,0,210.70769999641925,210.70769999641925,210.70769999641925,210.70769999641925,7.0,0.03334331201792287,0.0,210,210,210,210,210,210,210,210,210,210,210
DELETE,/booking/3954,1,0,163.61330001382157,163.61330001382157,163.61330001382157,163.61330001382157,7.0,0.03334331201792287,0.0,160,160,160,160,160,160,160,160,160,160,160
DELETE,/booking/3955,1,0,165.54819999146275,165.54819999146275,165.54819999146275,165.54819999146275,7.0,0.03334331201792287,0.0,170,170,170,170,170,170,170,170,170,170,170
DELETE,/booking/3956,1,0,164.87370000686496,164.87370000686496,164.87370000686496,164.87370000686496,7.0,0.03334331201792287,0.0,160,160,160,160,160,160,160,160,160,160,160
DELETE,/booking/3958,1,0,177.15520001365803,177.15520001365803,177.15520001365803,177.15520001365803,7.0,0.03334331201792287,0.0,180,180,180,180,180,180,180,180,180,180,180
DELETE,/booking/3959,1,0,167.4180999980308,167.4180999980308,167.4180999980308,167.4180999980308,7.0,0.03334331201792287,0.0,170,170,170,170,170,170,170,170,170,170,170
DELETE,/booking/3962,1,0,164.86340001574717,164.86340001574717,164.86340001574717,164.86340001574717,7.0,0.03334331201792287,0.0,160,160,160,160,160,160,160,160,160,160,160
DELETE,/booking/3963,1,0,194.26359998760745,194.26359998760745,194.26359998760745,194.26359998760745,7.0,0.03334331201792287,0.0,190,190,190,190,190,190,190,190,190,190,190
DELETE,/booking/3964,1,0,167.53710000193678,167.53710000193678,167.53710000193678,167.53710000193678,7.0,0.03334331201792287,0.0,170,170,170,170,170,170,170,170,170,170,170
DELETE,/booking/3965,1,0,170.85470000165515,170.85470000165515,170.85470000165515,170.85470000165515,7.0,0.03334331201792287,0.0,170,170,170,170,170,170,170,170,170,170,170
DELETE,/booking/3967,1,0,171.16800000076182,171.16800000076182,171.16800000076182,171.16800000076182,7.0,0.03334331201792287,0.0,170,170,170,170,170,170,170,170,170,170,170
DELETE,/booking/3969,1,0,163.12499999185093,163.12499999185093,163.12499999185093,163.12499999185093,7.0,0.03334331201792287,0.0,160,160,160,160,160,160,160,160,160,160,160
DELETE,/booking/3970,1,0,162.32200001832098,162.32200001832098,162.32200001832098,162.32200001832098,7.0,0.03334331201792287,0.0,160,160,160,160,160,160,160,160,160,160,160
DELETE,/booking/3971,1,0,162.88829999393784,162.88829999393784,162.88829999393784,162.88829999393784,7.0,0.03334331201792287,0.0,160,160,160,160,160,160,160,160,160,160,160
DELETE,/booking/3973,1,0,162.55720000481233,162.55720000481233,162.55720000481233,162.55720000481233,7.0,0.03334331201792287,0.0,160,160,160,160,160,160,160,160,160,160,160
DELETE,/booking/3974,1,0,163.94820000277832,163.94820000277832,163.94820000277832,163.94820000277832,7.0,0.03334331201792287,0.0,160,160,160,160,160,160,160,160,160,160,160
DELETE,/booking/3976,1,0,160.1958000101149,160.1958000101149,160.1958000101149,160.1958000101149,7.0,0.03334331201792287,0.0,160,160,160,160,160,160,160,160,160,160,160
DELETE,/booking/3978,1,0,173.92990001826547,173.92990001826547,173.92990001826547,173.92990001826547,7.0,0.03334331201792287,0.0,170,170,170,170,170,170,170,170,170,170,170
DELETE,/booking/3979,1,0,187.72389998775907,187.72389998775907,187.72389998775907,187.72389998775907,7.0,0.03334331201792287,0.0,190,190,190,190,190,190,190,190,190,190,190
DELETE,/booking/3980,1,0,206.3651999924332,206.3651999924332,206.3651999924332,206.3651999924332,7.0,0.03334331201792287,0.0,210,210,210,210,210,210,210,210,210,210,210
DELETE,/booking/3982,1,0,195.64429999445565,195.64429999445565,195.64429999445565,195.64429999445565,7.0,0.03334331201792287,0.0,200,200,200,200,200,200,200,200,200,200,200
DELETE,/booking/3983,1,0,179.26870001247153,179.26870001247153,179.26870001247153,179.26870001247153,7.0,0.03334331201792287,0.0,180,180,180,180,180,180,180,180,180,180,180
DELETE,/booking/3984,1,0,181.07449999661185,181.07449999661185,181.07449999661185,181.07449999661185,7.0,0.03334331201792287,0.0,180,180,180,180,180,180,180,180,180,180,180
DELETE,/booking/3985,1,0,181.06939998688176,181.06939998688176,181.06939998688176,181.06939998688176,7.0,0.03334331201792287,0.0,180,180,180,180,180,180,180,180,180,180,180
DELETE,/booking/3988,1,0,184.71660002251156,184.71660002251156,184.71660002251156,184.71660002251156,7.0,0.03334331201792287,0.0,180,180,180,180,180,180,180,180,180,180,180
DELETE,/booking/3989,1,0,176.13279999932274,176.13279999932274,176.13279999932274,176.13279999932274,7.0,0.03334331201792287,0.0,180,180,180,180,180,180,180,180,180,180,180
DELETE,/booking/3992,1,0,168.9263000153005,168.9263000153005,168.9263000153005,168.9263000153005,7.0,0.03334331201792287,0.0,170,170,170,170,170,170,170,170,170,170,170
DELETE,/booking/3993,1,0,235.94349998165853,235.94349998165853,235.94349998165853,235.94349998165853,7.0,0.03334331201792287,0.0,240,240,240,240,240,240,240,240,240,240,240
DELETE,/booking/3995,1,0,241.15790001815185,241.15790001815185,241.15790001815185,241.15790001815185,7.0,0.03334331201792287,0.0,240,240,240,240,240,240,240,240,240,240,240
DELETE,/booking/3996,1,0,162.57559999939986,162.57559999939986,162.57559999939986,162.57559999939986,7.0,0.03334331201792287,0.0,160,160,160,160,160,160,160,160,160,160,160
DELETE,/booking/3997,1,0,166.50099999969825,166.50099999969825,166.50099999969825,166.50099999969825,7.0,0.03334331201792287,0.0,170,170,170,170,170,170,170,170,170,170,170
DELETE,/booking/3998,1,0,165.69179997895844,165.69179997895844,165.69179997895844,165.69179997895844,7.0,0.03334331201792287,0.0,170,170,170,170,170,170,170,170,170,170,170
DELETE,/booking/3999,1,0,169.95489998953417,169.95489998953417,169.95489998953417,169.95489998953417,7.0,0.03334331201792287,0.0,170,170,170,170,170,170,170,170,170,170,170
DELETE,/booking/4000,1,0,224.72699999343604,224.72699999343604,224.72699999343604,224.72699999343604,7.0,0.03334331201792287,0.0,220,220,220,220,220,220,220,220,220,220,220
DELETE,/booking/4002,1,0,162.28200000477955,162.28200000477955,162.28200000477955,162.28200000477955,7.0,0.03334331201792287,0.0,160,160,160,160,160,160,160,160,160,160,160
DELETE,/booking/4003,1,0,163.4736999985762,163.4736999985762,163.4736999985762,163.4736999985762,7.0,0.03334331201792287,0.0,160,160,160,160,160,160,160,160,160,160,160
DELETE,/booking/4006,1,0,160.19059999962337,160.19059999962337,160.19059999962337,160.19059999962337,7.0,0.03334331201792287,0.0,160,160,160,160,160,160,160,160,160,160,160
DELETE,/booking/4009,1,0,184.36990000191145,184.36990000191145,184.36990000191145,184.36990000191145,7.0,0.03334331201792287,0.0,180,180,180,180,180,180,180,180,180,180,180
DELETE,/booking/4010,1,0,162.46949997730553,162.46949997730553,162.46949997730553,162.46949997730553,7.0,0.03334331201792287,0.0,160,160,160,160,160,160,160,160,160,160,160
DELETE,/booking/4011,1,0,167.793000000529,167.793000000529,167.793000000529,167.793000000529,7.0,0.03334331201792287,0.0,170,170,170,170,170,170,170,170,170,170,170
DELETE,/booking/4012,1,0,170.755500002997,170.755500002997,170.755500002997,170.755500002997,7.0,0.03334331201792287,0.0,170,170,170,170,170,170,170,170,170,170,170
DELETE,/booking/4013,1,0,168.03559998515993,168.03559998515993,168.03559998515993,168.03559998515993,7.0,0.03334331201792287,0.0,170,170,170,170,170,170,170,170,170,170,170
DELETE,/booking/4014,1,0,177.1899999876041,177.1899999876041,177.1899999876041,177.1899999876041,7.0,0.03334331201792287,0.0,180,180,180,180,180,180,180,180,180,180,180
DELETE,/booking/4016,1,0,196.4010999945458,196.4010999945458,196.4010999945458,196.4010999945458,7.0,0.03334331201792287,0.0,200,200,200,200,200,200,200,200,200,200,200
DELETE,/booking/4017,1,0,163.94920001039281,163.94920001039281,163.94920001039281,163.94920001039281,7.0,0.03334331201792287,0.0,160,160,160,160,160,160,160,160,160,160,160
DELETE,/booking/4018,1,0,163.10030000749975,163.10030000749975,163.10030000749975,163.10030000749975,7.0,0.03334331201792287,0.0,160,160,160,160,160,160,160,160,160,160,160
DELETE,/booking/4020,1,0,166.65060000377707,166.65060000377707,166.65060000377707,166.65060000377707,7.0,0.03334331201792287,0.0,170,170,170,170,170,170,170,170,170,170,170
DELETE,/booking/4022,1,0,163.38270000414923,163.38270000414923,163.38270000414923,163.38270000414923,7.0,0.03334331201792287,0.0,160,160,160,160,160,160,160,160,160,160,160
DELETE,/booking/4023,1,0,161.09559999313205,161.09559999313205,161.09559999313205,161.09559999313205,7.0,0.03334331201792287,0.0,160,160,160,160,160,160,160,160,160,160,160
DELETE,/booking/4024,1,0,162.34340000664815,162.34340000664815,162.34340000664815,162.34340000664815,7.0,0.03334331201792287,0.0,160,160,160,160,160,160,160,160,160,160,160
DELETE,/booking/4025,1,0,162.2083999973256,162.2083999973256,162.2083999973256,162.2083999973256,7.0,0.03334331201792287,0.0,160,160,160,160,160,160,160,160,160,160,160
DELETE,/booking/4026,1,0,191.13880000077188,191.13880000077188,191.13880000077188,191.13880000077188,7.0,0.03334331201792287,0.0,190,190,190,190,190,190,190,190,190,190,190
DELETE,/booking/4027,1,0,178.53200001991354,178.53200001991354,178.53200001991354,178.53200001991354,7.0,0.03334331201792287,0.0,180,180,180,180,180,180,180,180,180,180,180
DELETE,/booking/4029,1,0,162.16569999232888,162.16569999232888,162.16569999232888,162.16569999232888,7.0,0.03334331201792287,0.0,160,160,160,160,160,160,160,160,160,160,160
DELETE,/booking/4030,1,0,164.59550001309253,164.59550001309253,164.59550001309253,164.59550001309253,7.0,0.03334331201792287,0.0,160,160,160,160,160,160,160,160,160,160,160
DELETE,/booking/4031,1,0,166.55270001501776,166.55270001501776,166.55270001501776,166.55270001501776,7.0,0.03334331201792287,0.0,170,170,170,170,170,170,170,170,170,170,170
DELETE,/booking/4032,1,0,159.85249998630024,159.85249998630024,159.85249998630024,159.85249998630024,7.0,0.03334331201792287,0.0,160,160,160,160,160,160,160,160,160,160,160
DELETE,/booking/4034,1,0,162.85370002151467,162.85370002151467,162.85370002151467,162.85370002151467,7.0,0.03334331201792287,0.0,160,160,160,160,160,160,160,160,160,160,160
DELETE,/booking/4035,1,0,160.94040000461973,160.94040000461973,160.94040000461973,160.94040000461973,7.0,0.03334331201792287,0.0,160,160,160,160,160,160,160,160,160,160,160
DELETE,/booking/4036,1,0,159.5409000001382,159.5409000001382,159.5409000001382,159.5409000001382,7.0,0.03334331201792287,0.0,160,160,160,160,160,160,160,160,160,160,160
DELETE,/booking/4037,1,0,162.2209000051953,162.2209000051953,162.2209000051953,162.2209000051953,7.0,0.03334331201792287,0.0,160,160,160,160,160,160,160,160,160,160,160
DELETE,/booking/4039,1,0,177.61980000068434,177.61980000068434,177.61980000068434,177.61980000068434,7.0,0.03334331201792287,0.0,180,180,180,180,180,180,180,180,180,180,180
DELETE,/booking/4041,1,0,164.71589999855496,164.71589999855496,164.71589999855496,164.71589999855496,7.0,0.03334331201792287,0.0,160,160,160,160,160,160,160,160,160,160,160
DELETE,/booking/4042,1,0,169.2419000028167,169.2419000028167,169.2419000028167,169.2419000028167,7.0,0.03334331201792287,0.0,170,170,170,170,170,170,170,170,170,170,170
,Aggregated,1723,0,160.0,173.61064172929312,157.01769999577664,1653.5227000131272,78.00522344747533,57.450526606881105,0.0,160,170,170,170,180,190,210,640,700,1700,1700
